Div,Date,HomeTeam,AwayTeam,FTHG,FTAG,FTR,HTHG,HTAG,HTR,HS,AS,HST,AST,HF,AF,HC,AC,HY,AY,HR,AR,B365H,B365D,B365A,BWH,BWD,BWA,IWH,IWD,IWA,LBH,LBD,LBA,PSH,PSD,PSA,WHH,WHD,WHA,VCH,VCD,VCA,Bb1X2,BbMxH,BbAvH,BbMxD,BbAvD,BbMxA,BbAvA,BbOU,BbMx>2.5,BbAv>2.5,BbMx<2.5,BbAv<2.5,BbAH,BbAHh,BbMxAHH,BbAvAHH,BbMxAHA,BbAvAHA,PSCH,PSCD,PSCA
F1,04/08/17,Monaco,Toulouse,3,2,H,1,1,D,17,6,7,3,12,23,8,2,1,3,0,0,1.3,5.5,10,1.3,5.75,9.75,1.35,4.7,7.9,1.28,5,10,1.32,5.72,11.12,1.3,5,10,1.3,5.5,11,41,1.35,1.32,6,5.24,11.2,9.82,36,1.66,1.63,2.41,2.29,19,-1.5,2.01,1.95,2,1.91,1.29,5.9,12.75
F1,05/08/17,Lyon,Strasbourg,4,0,H,1,0,H,12,7,7,1,11,16,3,4,2,3,0,0,1.36,5,8.5,1.36,5,8.5,1.4,4.3,7.5,1.36,4.6,7.5,1.4,5.19,8.99,1.4,4.5,8,1.36,5,9,41,1.44,1.38,5.19,4.81,9,7.95,33,1.6,1.54,2.54,2.43,17,-1.25,1.86,1.84,2.07,2.04,1.34,5.55,10.35
F1,05/08/17,Metz,Guingamp,1,3,A,1,1,D,6,13,4,5,9,13,3,3,1,2,0,0,2.8,3.2,2.63,2.8,3.2,2.65,2.65,3.1,2.65,2.75,3.1,2.5,2.95,3.2,2.71,2.7,3.1,2.7,2.88,3.2,2.63,41,2.96,2.8,3.25,3.14,2.78,2.63,38,2.2,2.14,1.75,1.7,18,0,2.07,2.01,1.88,1.85,3.01,3.35,2.54
F1,05/08/17,Montpellier,Caen,1,0,H,0,0,D,10,8,2,1,9,11,9,3,2,1,0,0,1.91,3.5,4.2,1.83,3.6,4.5,1.85,3.4,4.1,1.85,3.3,4.2,1.88,3.54,4.74,1.91,3.2,4.5,1.9,3.5,4.4,41,1.95,1.88,3.6,3.44,4.74,4.26,38,2.16,2.07,1.8,1.74,17,-0.5,1.94,1.89,2.04,1.97,1.83,3.69,4.92
F1,05/08/17,Paris SG,Amiens,2,0,H,1,0,H,16,7,5,1,9,12,8,3,0,1,0,0,1.11,9,25,1.12,9.25,21,1.17,6.5,14,1.11,9,29,1.13,10.7,26,1.1,9,26,1.12,9.5,19,41,1.17,1.11,10.97,9.21,34.25,22.92,30,1.4,1.35,3.3,3.11,18,-2.5,2.01,1.96,1.95,1.9,1.09,13,36.5
F1,05/08/17,St Etienne,Nice,1,0,H,1,0,H,8,6,3,2,11,8,2,7,2,1,0,0,2.2,3.2,3.5,2.25,3.2,3.4,2.3,3.1,3.1,2.2,3,3.3,2.28,3.17,3.69,2.3,3.2,3.2,2.25,3.2,3.5,41,2.33,2.25,3.25,3.14,3.75,3.41,35,2.5,2.31,1.67,1.6,20,-0.25,1.97,1.91,2.01,1.96,2.46,3.23,3.29
F1,05/08/17,Troyes,Rennes,1,1,D,0,0,D,11,16,4,4,13,8,6,7,1,0,0,0,2.6,3.1,2.9,2.7,3.2,2.75,2.5,3.1,2.8,2.6,3,2.75,2.8,3.16,2.9,2.7,3,2.8,2.7,3.1,2.88,41,2.84,2.66,3.2,3.08,2.91,2.81,35,2.38,2.3,1.66,1.6,18,0,1.93,1.87,2.04,1.99,3.08,3.16,2.6
F1,06/08/17,Angers,Bordeaux,2,2,D,1,1,D,9,7,5,4,16,15,0,5,3,2,0,0,2.5,3.1,3.1,2.55,3.1,2.95,2.5,3.1,2.8,2.5,2.9,2.9,2.63,3.06,3.14,2.62,3,2.9,2.6,3.1,3,39,2.71,2.54,3.1,3.02,3.2,2.99,33,2.56,2.42,1.57,1.54,15,0,1.82,1.78,2.16,2.09,2.5,3.14,3.31
F1,06/08/17,Lille,Nantes,3,0,H,0,0,D,14,9,5,4,11,17,15,3,2,3,0,0,2,3.2,4.1,2.05,3.25,4,2.3,3.1,3.1,2,3.1,3.75,2.09,3.29,4.2,2.15,3,3.8,2.1,3.25,4,40,2.3,2.1,3.3,3.16,4.2,3.79,34,2.45,2.36,1.63,1.57,18,-0.25,1.87,1.78,2.17,2.1,2.15,3.27,4.01
F1,06/08/17,Marseille,Dijon,3,0,H,0,0,D,18,12,5,1,7,10,7,3,1,0,0,0,1.4,4.75,8,1.4,4.75,8,1.45,4,7,1.36,4.6,8,1.4,5.19,8.88,1.4,4.5,8,1.4,4.8,7.5,40,1.45,1.39,5.19,4.69,8.88,7.94,35,1.71,1.65,2.35,2.2,17,-1.25,1.91,1.86,2.06,2,1.31,5.8,11.5
F1,11/08/17,Nice,Troyes,1,2,A,0,0,D,20,10,6,4,11,8,10,4,2,3,0,0,1.53,4,7,1.53,4.1,6.75,1.6,3.6,5.6,1.53,4,6.5,1.53,4.5,6.95,1.53,4,6.5,1.53,4.2,7,40,1.6,1.52,4.5,4.17,8,6.47,40,1.91,1.84,2.08,1.97,20,-1,1.95,1.89,2.1,1.97,1.52,4.51,7.06
F1,11/08/17,Rennes,Lyon,1,2,A,0,0,D,17,17,5,8,9,16,14,2,1,3,0,0,3.6,3.5,2,3.75,3.5,2,3.45,3.15,2.1,3.5,3.6,2,3.69,3.68,2.09,3.6,3.5,2,3.75,3.6,2.05,40,3.8,3.64,3.68,3.49,2.1,2.02,36,1.84,1.78,2.11,2.04,18,0.5,1.88,1.84,2.07,2.02,3.64,3.63,2.12
F1,12/08/17,Amiens,Angers,0,2,A,0,1,A,10,12,1,6,8,18,5,5,3,2,0,0,2.9,3.1,2.63,2.9,2.95,2.75,2.7,3,2.7,2.87,3,2.6,3.04,3.12,2.66,2.8,3,2.7,3,3.1,2.63,39,3.04,2.89,3.14,3.02,2.75,2.62,36,2.59,2.46,1.57,1.53,17,0,2.09,2.02,1.86,1.82,3.31,3.14,2.51
F1,12/08/17,Bordeaux,Metz,2,0,H,1,0,H,12,6,5,1,17,10,5,1,1,2,0,0,1.44,4.2,8.5,1.45,4.4,7.5,1.5,3.9,6.3,1.44,4.33,7,1.46,4.6,8.15,1.5,4,7,1.45,4.4,8,40,1.5,1.45,4.6,4.36,8.5,7.21,39,1.75,1.7,2.21,2.13,17,-1.25,2.07,2.02,1.88,1.84,1.44,5.05,7.76
F1,12/08/17,Caen,St Etienne,0,1,A,0,0,D,10,6,4,4,12,15,8,2,1,1,0,0,3,3.1,2.5,2.85,3.2,2.6,2.8,3.1,2.5,2.9,3,2.55,3.08,3.08,2.66,2.9,3,2.62,3,3.1,2.63,39,3.1,2.92,3.2,3.05,2.66,2.58,36,2.57,2.42,1.61,1.54,17,0,2.11,2.04,1.88,1.82,3.01,3.24,2.64
F1,12/08/17,Nantes,Marseille,0,1,A,0,0,D,14,13,3,10,13,12,6,9,1,3,0,0,3.5,3.4,2.15,3.6,3.4,2.1,3.45,3.15,2.1,3.3,3.3,2.2,3.46,3.43,2.25,3.3,3.3,2.2,3.5,3.4,2.15,39,3.7,3.37,3.44,3.33,2.25,2.17,39,2.11,2.02,1.86,1.79,17,0.25,2.02,1.96,1.94,1.89,3.17,3.3,2.49
F1,12/08/17,Toulouse,Montpellier,1,0,H,1,0,H,8,14,4,1,25,12,5,3,4,3,0,0,2.2,3.2,3.5,2.2,3.25,3.5,2.1,3.15,3.45,2.25,3.1,3.3,2.28,3.13,3.74,2.3,3.1,3.3,2.25,3.2,3.5,39,2.38,2.25,3.25,3.12,3.74,3.42,38,2.29,2.22,1.7,1.65,17,-0.25,1.96,1.91,1.98,1.94,2.38,3.19,3.5
F1,13/08/17,Dijon,Monaco,1,4,A,1,3,A,15,16,3,6,10,12,6,10,0,2,0,0,7,4.2,1.5,6.5,4.33,1.5,5.6,3.6,1.6,5.75,4.2,1.53,6.62,4.4,1.55,6.5,4,1.53,6.25,4.33,1.53,39,7.1,6.04,4.5,4.22,1.6,1.53,36,1.65,1.6,2.43,2.3,18,1,2.01,1.97,1.93,1.89,7.05,4.67,1.51
F1,13/08/17,Guingamp,Paris SG,0,3,A,0,0,D,4,21,0,8,9,13,4,6,2,2,0,0,15,6,1.22,12,5.75,1.26,10.3,5.5,1.25,11,5.5,1.28,12.75,6,1.28,12,5.5,1.25,13,6,1.25,39,15,11.53,6.5,5.7,1.3,1.26,36,1.6,1.54,2.51,2.43,17,1.75,1.9,1.85,2.08,2.01,14.55,6.55,1.25
F1,13/08/17,Strasbourg,Lille,3,0,H,0,0,D,22,12,9,2,8,13,7,5,1,2,0,1,3.75,3.3,2.1,3.6,3.25,2.15,3.3,3.1,2.2,3.6,3.2,2.15,3.65,3.44,2.17,3.5,3.3,2.1,3.7,3.3,2.15,39,3.8,3.52,3.44,3.3,2.2,2.12,39,2.2,2.08,1.8,1.74,17,0.25,2.08,2.03,1.87,1.83,3.7,3.59,2.12
F1,18/08/17,Metz,Monaco,0,1,A,0,0,D,9,22,5,5,17,16,6,6,2,1,0,0,10,5,1.3,9.5,5.25,1.33,7.9,4.7,1.35,9.5,5.2,1.3,10.3,5.93,1.33,9,5,1.33,9.5,5.5,1.33,36,10.3,9.06,5.93,5.4,1.35,1.32,28,1.49,1.45,2.84,2.7,17,1.5,2.01,1.97,1.95,1.89,9.21,5.73,1.36
F1,19/08/17,Lyon,Bordeaux,3,3,D,2,1,H,8,16,5,6,20,16,0,8,2,2,1,0,1.57,4.33,5.5,1.6,4,5.75,1.6,3.6,5.6,1.61,4,5,1.67,4.25,5.27,1.67,3.6,5.5,1.6,4.33,5.4,36,1.67,1.62,4.33,4.03,5.75,5.15,31,1.62,1.57,2.48,2.37,17,-1,2.1,2.04,1.87,1.82,1.68,4.2,5.31
F1,19/08/17,Montpellier,Strasbourg,1,1,D,0,1,A,16,7,5,1,6,18,9,2,2,3,0,0,1.85,3.5,4.5,1.87,3.5,4.33,1.7,3.5,4.85,1.8,3.6,4.25,1.86,3.74,4.51,1.85,3.5,4.33,1.85,3.6,4.5,36,1.88,1.83,3.75,3.54,4.85,4.35,35,1.95,1.86,2.02,1.94,15,-0.5,1.87,1.84,2.07,2.03,2.03,3.36,4.33
F1,19/08/17,Nice,Guingamp,2,0,H,1,0,H,14,13,8,1,12,15,4,5,2,2,0,0,2,3.3,4,1.95,3.3,4.25,1.9,3.35,3.9,2,3.4,3.8,2.07,3.22,4.3,1.95,3.25,4.2,2.05,3.4,3.9,36,2.08,2,3.45,3.27,4.55,3.97,35,2.07,2,1.88,1.81,17,-0.5,2.08,2.02,1.95,1.85,1.86,3.64,4.82
F1,19/08/17,Rennes,Dijon,2,2,D,1,0,H,14,12,7,4,9,13,7,0,2,4,0,0,1.6,3.9,6,1.62,3.8,6,1.6,3.6,5.6,1.61,3.75,5.75,1.61,4.04,6.41,1.62,3.6,6,1.62,3.9,6,36,1.65,1.61,4.15,3.81,6.41,5.74,35,2.04,1.94,1.94,1.86,16,-1,2.17,2.11,1.8,1.77,1.78,3.83,5.11
F1,19/08/17,St Etienne,Amiens,3,0,H,2,0,H,13,16,5,1,11,12,3,11,2,2,0,0,1.53,4,7,1.5,3.9,7.75,1.5,3.9,6.3,1.53,3.75,7,1.57,4.01,7.16,1.57,3.6,7,1.55,4,7,36,1.57,1.54,4.1,3.82,7.75,6.76,34,2.21,2.13,1.78,1.7,17,-1,2.03,1.97,1.91,1.88,1.62,3.76,7.36
F1,19/08/17,Troyes,Nantes,0,1,A,0,0,D,8,11,1,4,7,8,2,10,1,0,0,1,2.5,3.1,3.1,2.55,3.2,2.9,2.65,3.1,2.65,2.55,3.1,2.9,2.6,3.23,3.02,2.7,3,2.8,2.55,3.2,3,36,2.7,2.54,3.23,3.15,3.1,2.9,31,2.35,2.26,1.66,1.63,18,0,1.84,1.81,2.11,2.06,2.61,3.25,3.04
F1,20/08/17,Lille,Caen,0,2,A,0,1,A,15,11,4,3,9,12,5,3,2,2,0,0,1.6,3.8,6,1.62,4,5.5,1.65,3.5,5.3,1.67,3.8,5.2,1.66,4,5.79,1.67,3.6,5.5,1.67,3.8,5.75,36,1.7,1.65,4,3.79,6,5.34,35,1.91,1.82,2.06,1.98,16,-0.75,1.85,1.82,2.09,2.05,1.76,3.89,5.16
F1,20/08/17,Marseille,Angers,1,1,D,1,0,H,12,11,2,4,20,7,11,2,3,2,1,0,1.6,3.9,5.75,1.62,3.9,5.75,1.5,3.9,6.3,1.6,3.8,5.25,1.62,4.07,6.21,1.62,3.8,5.5,1.62,4,5.75,35,1.67,1.61,4.07,3.85,6.3,5.57,34,1.92,1.82,2.05,1.98,16,-0.75,1.84,1.79,2.13,2.08,1.67,3.77,6.45
F1,20/08/17,Paris SG,Toulouse,6,2,H,2,1,H,24,7,15,1,8,19,7,1,0,4,1,0,1.08,11,34,1.09,10.5,29,1.12,8,16,1.08,11,41,1.1,12.65,27.99,1.1,8,34,1.06,11,29,36,1.12,1.08,12.65,10.4,41,28.07,26,1.33,1.32,3.5,3.31,15,-2.75,2.04,1.97,1.94,1.89,1.1,12.2,39.17
F1,25/08/17,Paris SG,St Etienne,3,0,H,1,0,H,14,12,4,2,20,12,8,3,2,3,0,0,1.08,11,29,1.09,10.5,29,1.1,8,20,1.1,9.5,26,1.11,12,28,1.08,10,26,1.09,12,26,34,1.13,1.09,12.5,10.47,34.25,25.48,27,1.28,1.24,4.35,3.98,15,-2.75,2.07,1.99,1.9,1.87,1.09,13.25,35
F1,26/08/17,Amiens,Nice,3,0,H,2,0,H,12,12,4,3,14,7,3,4,3,3,0,0,3.3,3.2,2.3,3.5,3.25,2.2,3.1,3.1,2.3,3.25,3.1,2.2,3.62,3.26,2.26,3.1,3.2,2.38,3.4,3.2,2.3,34,3.62,3.34,3.3,3.17,2.38,2.26,32,2.27,2.18,1.73,1.67,14,0.25,1.97,1.91,2,1.95,3.25,3.33,2.42
F1,26/08/17,Bordeaux,Troyes,2,1,H,1,0,H,12,5,8,2,9,17,4,4,0,1,0,0,1.44,4.5,7.5,1.44,4.4,7.75,1.4,4.3,7.5,1.4,4.33,7,1.43,4.77,8.7,1.44,4.2,7.5,1.44,4.5,8.5,34,1.48,1.42,4.8,4.47,8.7,7.55,34,1.77,1.71,2.21,2.13,15,-1,1.74,1.68,2.3,2.23,1.42,4.92,8.94
F1,26/08/17,Caen,Metz,1,0,H,0,0,D,16,9,4,2,11,16,9,3,2,2,0,0,1.85,3.4,4.75,1.78,3.5,5,1.85,3.4,4.1,1.8,3.4,4.25,1.86,3.54,4.89,1.75,3.6,4.75,1.83,3.5,4.8,34,1.87,1.82,3.6,3.46,5,4.61,34,2.04,1.99,1.91,1.81,14,-0.75,2.13,2.08,1.84,1.8,1.81,3.7,5.07
F1,26/08/17,Dijon,Montpellier,2,1,H,1,0,H,7,11,2,2,18,14,2,4,2,2,0,0,2.55,3.2,2.88,2.6,3.2,2.85,2.6,3.1,2.7,2.5,3.1,2.75,2.63,3.28,2.94,2.5,3.3,2.8,2.55,3.3,2.9,34,2.65,2.55,3.32,3.21,2.95,2.82,34,2.15,2.07,1.79,1.75,13,0,1.87,1.83,2.09,2.05,2.65,3.3,2.94
F1,26/08/17,Nantes,Lyon,0,0,D,0,0,D,6,16,2,3,13,11,1,8,1,1,0,0,3.6,3.4,2.1,3.5,3.5,2.1,3.75,3.2,2,3.3,3.3,2.05,3.47,3.66,2.16,3.6,3.4,2.05,3.6,3.5,2.1,34,3.75,3.47,3.66,3.46,2.16,2.09,34,1.87,1.82,2.04,1.97,14,0.5,1.83,1.79,2.17,2.09,3.76,3.56,2.11
F1,26/08/17,Toulouse,Rennes,3,2,H,1,1,D,11,14,7,3,19,22,3,4,4,3,0,1,2.3,3.1,3.4,2.3,3.1,3.4,2.2,3.1,3.3,2.2,3,3.3,2.32,3.23,3.51,2.3,3.1,3.3,2.25,3.2,3.5,34,2.35,2.27,3.28,3.14,3.51,3.35,31,2.36,2.28,1.67,1.61,14,-0.25,1.97,1.92,1.98,1.94,2.28,3.31,3.58
F1,27/08/17,Angers,Lille,1,1,D,0,0,D,11,13,2,3,10,10,7,1,2,5,0,0,2.25,3.1,3.5,2.2,3.2,3.5,2.3,3.1,3.1,2.15,3.1,3.3,2.21,3.27,3.75,2.15,3.25,3.5,2.2,3.25,3.6,34,2.3,2.19,3.3,3.18,3.76,3.5,32,2.27,2.2,1.7,1.66,15,-0.25,1.91,1.87,2.04,1.99,2.14,3.3,4
F1,27/08/17,Guingamp,Strasbourg,2,0,H,0,0,D,14,15,6,3,12,14,2,7,1,2,0,0,1.91,3.4,4.33,1.91,3.5,4.1,2,3.2,3.75,1.87,3.25,4,1.91,3.44,4.76,1.91,3.4,4.2,1.91,3.4,4.5,34,2,1.9,3.5,3.36,4.76,4.28,34,2.17,2.1,1.77,1.73,14,-0.5,1.93,1.9,2.02,1.97,1.78,3.74,5.24
F1,27/08/17,Monaco,Marseille,6,1,H,4,0,H,14,10,8,3,11,14,1,1,2,3,0,0,1.62,4,5.5,1.6,4.1,5.5,1.6,3.6,5.6,1.6,3.9,5,1.63,4.23,5.74,1.62,4.2,5,1.62,4.2,5.5,34,1.65,1.61,4.25,4.09,5.74,5.23,31,1.65,1.6,2.44,2.32,16,-1,2.11,2.05,1.86,1.81,1.59,4.46,6.02
F1,08/09/17,Lille,Bordeaux,0,0,D,0,0,D,8,17,2,1,11,13,5,3,2,4,1,0,3,3.3,2.45,2.85,3.25,2.55,2.65,3.1,2.65,2.75,3.2,2.55,2.96,3.35,2.61,2.75,3.2,2.62,3,3.3,2.5,34,3,2.85,3.35,3.25,2.65,2.52,33,2.07,1.99,1.89,1.82,15,0,2.11,2.06,1.87,1.81,2.82,3.37,2.7
F1,08/09/17,Metz,Paris SG,1,5,A,1,1,D,8,23,1,12,10,8,6,7,0,1,1,0,19,10,1.13,26,9.5,1.1,15,7,1.15,21,9,1.12,27,10.2,1.13,21,9.5,1.1,21,9.5,1.13,34,27.6,20.82,10.97,9.07,1.16,1.12,25,1.37,1.34,3.55,3.22,15,2.5,1.93,1.89,2.02,1.97,34,12,1.1
F1,09/09/17,Caen,Dijon,2,1,H,1,1,D,12,9,3,4,19,17,8,3,1,2,1,0,2.05,3.2,4,2.05,3.25,3.9,2,3.2,3.75,2,3.4,3.7,2.04,3.41,4.12,2,3.4,3.75,2,3.4,4,34,2.08,2.02,3.5,3.35,4.12,3.78,33,2.06,1.98,1.89,1.82,13,-0.5,2.04,2.01,1.89,1.86,1.9,3.53,4.71
F1,09/09/17,Montpellier,Nantes,0,1,A,0,0,D,11,12,3,4,7,12,8,3,1,2,1,0,2.15,3.2,3.8,2.2,3.1,3.6,2.2,3.1,3.3,2.25,3,3.4,2.28,3.12,3.77,2.25,3,3.6,2.25,3.1,3.6,34,2.3,2.23,3.25,3.08,3.8,3.51,29,2.6,2.45,1.6,1.54,15,-0.25,1.96,1.92,1.98,1.95,2.2,3.15,4.01
F1,09/09/17,Nice,Monaco,4,0,H,2,0,H,9,11,5,1,19,14,2,11,2,2,0,0,4.75,3.6,1.8,4.5,3.75,1.78,3.9,3.35,1.9,4.2,3.75,1.8,4.61,3.86,1.81,4.33,3.5,1.83,4.33,3.8,1.83,34,4.75,4.29,3.9,3.7,1.9,1.81,30,1.71,1.66,2.33,2.21,14,0.5,2.11,2.06,1.85,1.82,4.75,4.07,1.78
F1,09/09/17,Strasbourg,Amiens,0,1,A,0,1,A,10,8,3,3,22,14,6,0,1,3,1,0,2,3.2,4.2,2.05,3.25,3.9,2.2,3.1,3.3,2.05,3.2,3.8,2.04,3.37,4.19,2.05,3.25,3.75,2.05,3.3,4,34,2.2,2.03,3.37,3.26,4.2,3.86,29,2.28,2.22,1.7,1.65,14,-0.5,2.06,2.03,1.88,1.85,2.01,3.5,4.2
F1,09/09/17,Troyes,Toulouse,0,0,D,0,0,D,11,7,3,0,12,13,4,1,2,3,0,0,2.88,3.2,2.6,2.85,3.25,2.55,2.8,3.1,2.5,2.87,3.1,2.5,2.98,3.28,2.6,2.88,3.2,2.5,2.9,3.2,2.6,34,2.98,2.86,3.31,3.2,2.63,2.52,32,2.22,2.14,1.78,1.7,14,0,2.09,2.05,1.85,1.81,2.96,3.25,2.67
F1,10/09/17,Lyon,Guingamp,2,1,H,1,0,H,12,13,4,6,16,16,3,6,2,2,0,0,1.4,4.75,8.5,1.36,5.25,7.75,1.42,4.2,7.6,1.4,4.8,7.5,1.38,5.37,8.67,1.36,4.8,8.5,1.4,5,8.5,34,1.42,1.38,5.45,4.94,8.67,7.67,29,1.53,1.5,2.63,2.55,14,-1.25,1.88,1.85,2.05,2.02,1.46,4.9,7.71
F1,10/09/17,Marseille,Rennes,1,3,A,0,2,A,10,17,4,4,18,14,5,2,6,1,0,0,1.67,4,5,1.67,3.9,5.25,1.6,3.6,5.6,1.7,3.75,4.8,1.7,4.02,5.28,1.67,3.8,5,1.7,3.8,5.25,34,1.75,1.68,4.05,3.8,5.6,4.98,32,1.84,1.77,2.12,2.04,14,-0.75,1.92,1.89,2.04,1.97,1.57,4.46,6.35
F1,10/09/17,St Etienne,Angers,1,1,D,1,1,D,8,15,4,6,9,19,1,3,3,2,1,1,2.15,3.2,3.75,2.15,3.1,3.8,2,3.2,3.75,2.15,3,3.7,2.15,3.17,4.08,2.15,3.2,3.6,2.15,3.13,3.9,34,2.18,2.13,3.21,3.1,4.08,3.75,29,2.66,2.48,1.57,1.53,14,-0.25,1.87,1.82,2.1,2.05,2.12,3.19,4.27
F1,15/09/17,Toulouse,Bordeaux,0,1,A,0,0,D,16,14,5,4,17,10,3,9,3,1,0,0,2.9,3.1,2.5,2.9,3.25,2.5,2.6,3.2,2.6,3,3.1,2.45,3.15,3.27,2.52,2.88,3.2,2.5,3.1,3.2,2.5,37,3.15,2.95,3.3,3.19,2.62,2.47,35,2.31,2.2,1.72,1.66,15,0.25,1.81,1.77,2.15,2.1,3.18,3.22,2.53
F1,16/09/17,Dijon,St Etienne,0,1,A,0,0,D,18,16,7,6,13,14,1,4,3,3,0,0,3,3.2,2.5,3.1,3.2,2.4,2.9,3.15,2.4,3.1,3.1,2.4,3.14,3.22,2.53,3.1,3.1,2.4,3.13,3.13,2.5,37,3.25,3.06,3.28,3.14,2.53,2.43,32,2.41,2.32,1.64,1.59,15,0.25,1.81,1.78,2.14,2.1,2.8,3.17,2.88
F1,16/09/17,Guingamp,Lille,1,0,H,0,0,D,20,10,4,5,8,17,8,8,1,1,0,0,2.15,3.3,3.5,2.15,3.2,3.7,2.2,3.1,3.3,2.2,3.2,3.3,2.14,3.29,3.94,2.1,3.3,3.5,2.1,3.4,3.75,37,2.27,2.11,3.4,3.28,3.94,3.59,35,2.16,2.06,1.83,1.75,15,-0.25,1.83,1.8,2.12,2.06,2.07,3.44,4.05
F1,16/09/17,Monaco,Strasbourg,3,0,H,1,0,H,14,10,5,1,13,12,5,5,2,2,0,0,1.18,7.5,15,1.19,7,15,1.22,5.5,12,1.2,6.5,15,1.22,7.25,14.75,1.22,6,13,1.2,7,15,37,1.23,1.2,7.5,6.73,15,13.52,28,1.44,1.4,3,2.86,16,-2,2.11,2.04,1.85,1.82,1.28,6.5,11.8
F1,16/09/17,Nantes,Caen,1,0,H,0,0,D,8,8,4,1,12,12,4,3,0,2,0,0,1.95,3.25,4.33,1.95,3.3,4.25,2,3.2,3.75,1.95,3.2,4.2,1.99,3.31,4.53,1.95,3.2,4.33,1.95,3.3,4.5,37,2,1.94,3.31,3.23,4.61,4.31,32,2.53,2.41,1.61,1.55,14,-0.5,1.99,1.94,1.97,1.92,2.04,3.32,4.37
F1,16/09/17,Troyes,Montpellier,0,1,A,0,1,A,7,9,0,3,19,10,2,6,3,3,1,0,2.8,3.2,2.7,2.65,3.1,2.85,2.5,3.1,2.8,2.65,3.1,2.65,2.83,3.14,2.83,2.7,3.1,2.7,2.75,3.25,2.7,37,2.85,2.7,3.3,3.16,2.9,2.71,35,2.15,2.07,1.81,1.74,16,0,2,1.93,1.98,1.92,3.03,3.23,2.63
F1,17/09/17,Amiens,Marseille,0,2,A,0,0,D,8,22,3,6,11,15,6,3,2,3,0,0,4,3.2,2.05,4,3.3,2,3.45,3.15,2.1,3.8,3.3,2,4.09,3.47,2.03,3.8,3.2,2.05,3.9,3.4,2.05,37,4.2,3.84,3.47,3.31,2.1,2.02,35,2.16,2.05,1.84,1.76,15,0.5,1.88,1.84,2.07,2.02,3.51,3.53,2.21
F1,17/09/17,Angers,Metz,0,1,A,0,0,D,18,10,5,5,14,14,4,5,1,3,0,0,1.5,4,7.5,1.5,4,7.25,1.65,3.5,5.3,1.5,4,6.5,1.53,4.24,7.46,1.53,3.75,7,1.5,4.2,7.5,37,1.65,1.52,4.24,3.97,7.5,6.87,36,2.04,1.96,1.9,1.84,16,-1,1.95,1.9,2.02,1.96,1.55,4.25,7.15
F1,17/09/17,Paris SG,Lyon,2,0,H,0,0,D,14,12,5,5,11,13,9,4,3,2,0,0,1.17,7.5,17,1.17,7.25,17.5,1.2,5.8,13,1.15,8,17,1.18,9,15,1.17,7,17,1.15,8.5,19,36,1.2,1.16,9.5,8.07,19,14.95,27,1.22,1.19,5,4.55,15,-2.25,1.89,1.83,2.08,2.03,1.18,9.3,15.1
F1,17/09/17,Rennes,Nice,0,1,A,0,0,D,17,6,4,3,17,17,6,5,1,5,0,0,2.3,3.2,3.3,2.35,3.25,3.2,2.5,3.1,2.8,2.3,3.2,3.1,2.36,3.45,3.21,2.4,3.1,3.1,2.38,3.3,3.2,37,2.5,2.33,3.45,3.26,3.3,3.13,35,2.1,2.03,1.85,1.77,16,-0.25,2.06,2.01,1.89,1.85,2.41,3.49,3.14
F1,22/09/17,Lille,Monaco,0,4,A,0,2,A,11,12,2,7,18,14,1,1,1,2,0,0,4.75,3.8,1.7,4.75,3.8,1.75,4.5,3.5,1.75,4.75,3.75,1.7,5.14,4.05,1.72,4.5,4,1.7,5,3.8,1.73,40,5.15,4.76,4.05,3.82,1.79,1.72,38,1.85,1.77,2.15,2.04,18,0.75,1.99,1.93,1.95,1.92,5.15,4.08,1.72
F1,22/09/17,Nice,Angers,2,2,D,1,2,A,17,15,3,6,13,18,8,1,4,2,0,0,1.8,3.5,4.5,1.8,3.5,4.75,1.75,3.4,4.65,1.8,3.3,4.6,1.83,3.64,5.01,1.8,3.4,4.75,1.83,3.5,4.8,40,1.86,1.81,3.65,3.47,5.01,4.62,36,2.2,2.13,1.77,1.71,18,-0.5,1.86,1.82,2.1,2.05,1.81,3.58,5.29
F1,23/09/17,Bordeaux,Guingamp,3,1,H,1,0,H,21,10,8,4,14,14,5,2,4,2,0,0,1.73,3.5,5.5,1.75,3.6,5,1.6,3.6,5.6,1.75,3.5,4.6,1.79,3.76,4.95,1.73,3.5,5,1.8,3.6,5,40,1.83,1.76,3.76,3.56,5.6,4.79,39,2.02,1.95,1.92,1.85,17,-0.75,2.05,2,1.89,1.85,1.71,3.96,5.45
F1,23/09/17,Caen,Amiens,1,0,H,0,0,D,17,2,4,0,14,19,7,3,1,2,0,0,1.85,3.3,4.75,1.9,3.4,4.4,1.9,3.35,3.9,1.91,3.2,4.4,1.92,3.39,4.8,1.91,3.2,4.5,1.9,3.3,4.75,40,1.96,1.89,3.4,3.28,4.8,4.42,34,2.41,2.32,1.63,1.59,16,-0.75,2.23,2.18,1.75,1.71,1.99,3.28,4.7
F1,23/09/17,Lyon,Dijon,3,3,D,1,1,D,20,11,6,6,17,19,8,1,1,5,0,0,1.29,5.75,10,1.26,6.25,10.5,1.3,5,9,1.28,5.5,10,1.28,6.27,11.8,1.29,5.5,10,1.29,6,12,40,1.31,1.27,6.5,5.86,12,10.01,31,1.45,1.41,3,2.83,17,-1.75,2.04,1.99,1.9,1.87,1.37,5.6,8.9
F1,23/09/17,Metz,Troyes,0,1,A,0,0,D,15,9,7,2,11,12,5,4,3,3,0,1,2,3.3,4,2.15,3.2,3.7,2.1,3.15,3.45,2.15,3.25,3.5,2.18,3.42,3.65,2.1,3.3,3.6,2.15,3.4,3.6,40,2.2,2.12,3.43,3.31,4,3.53,39,2.12,2.03,1.84,1.78,18,-0.25,1.86,1.83,2.07,2.03,2.14,3.42,3.84
F1,23/09/17,Montpellier,Paris SG,0,0,D,0,0,D,5,10,2,1,15,13,2,11,2,2,0,0,17,7.5,1.17,15,6.25,1.22,13,5.8,1.2,15,6,1.22,16,6.85,1.22,17,7,1.17,15,7,1.2,40,18,14.17,7.75,6.57,1.25,1.2,35,1.54,1.5,2.7,2.54,19,2,1.8,1.76,2.17,2.09,14.75,6.7,1.24
F1,24/09/17,Marseille,Toulouse,2,0,H,1,0,H,22,8,6,1,11,10,12,5,2,0,0,0,1.53,4.2,6.5,1.55,3.9,6.75,1.5,3.9,6.3,1.57,4,5.8,1.62,4.15,6,1.57,3.8,6,1.55,4.2,6.5,40,1.65,1.57,4.25,3.97,6.75,5.95,38,1.82,1.74,2.16,2.07,19,-1,2.01,1.96,1.95,1.89,1.54,4.27,7.34
F1,24/09/17,St Etienne,Rennes,2,2,D,1,1,D,9,9,4,4,11,14,9,5,3,3,1,0,2.05,3.2,4,2.05,3.25,3.9,2,3.2,3.75,2.1,3.2,3.6,2.16,3.36,3.79,2.1,3.1,3.8,2.1,3.3,3.8,40,2.16,2.09,3.36,3.24,4,3.7,35,2.33,2.22,1.7,1.64,17,-0.5,2.16,2.09,1.84,1.78,2.42,3.18,3.41
F1,24/09/17,Strasbourg,Nantes,1,2,A,1,2,A,21,12,6,5,7,5,12,3,1,1,0,0,2.55,3,3.1,2.55,3,3.1,2.6,3.2,2.6,2.55,2.9,3,2.77,2.97,3.06,2.62,3,2.9,2.63,3,3.1,40,2.77,2.6,3.2,2.97,3.1,2.96,35,2.74,2.56,1.53,1.5,18,0,1.85,1.8,2.13,2.06,2.62,3.12,3.14
F1,29/09/17,Monaco,Montpellier,1,1,D,1,0,H,8,15,1,3,19,12,3,4,3,1,0,0,1.36,5,8.5,1.33,5,10,1.3,5,9,1.28,5.25,10,1.34,5.58,9.77,1.33,5,9,1.3,5.5,10.5,40,1.36,1.32,5.75,5.24,11,9.45,35,1.65,1.59,2.43,2.31,18,-1.5,2.05,1.96,2,1.89,1.37,5.35,9.9
F1,30/09/17,Dijon,Strasbourg,1,1,D,0,0,D,13,7,6,1,10,17,7,4,0,2,1,0,2.05,3.2,4,2.05,3.1,3.8,2.1,3.15,3.45,2.1,3.3,3.6,2.11,3.54,3.73,2.1,3.3,3.6,2.1,3.3,3.9,38,2.15,2.06,3.54,3.29,4,3.65,36,2.11,2.04,1.83,1.77,15,-0.5,2.13,2.06,1.85,1.81,2.31,3.48,3.34
F1,30/09/17,Guingamp,Toulouse,1,1,D,1,1,D,6,11,4,2,17,18,6,4,1,2,0,0,1.91,3.4,4.33,1.95,3.3,3.9,2.1,3.15,3.45,1.95,3.25,3.9,1.96,3.44,4.44,1.91,3.2,4.33,1.93,3.4,4.4,38,2.1,1.94,3.45,3.31,4.44,4.1,35,2.25,2.16,1.74,1.69,15,-0.5,1.96,1.92,1.98,1.93,1.91,3.57,4.65
F1,30/09/17,Nantes,Metz,1,0,H,1,0,H,15,9,6,1,14,9,4,4,2,4,0,1,1.67,3.5,6,1.6,3.6,6,1.6,3.6,5.6,1.67,3.5,5.75,1.7,3.71,5.96,1.65,3.5,6,1.67,3.6,6.25,38,1.75,1.66,3.75,3.55,6.25,5.69,33,2.28,2.18,1.73,1.66,17,-1,2.31,2.21,1.74,1.69,1.61,4.08,6.5
F1,30/09/17,Paris SG,Bordeaux,6,2,H,5,1,H,11,17,9,6,10,18,1,5,1,2,0,0,1.14,9,15,1.12,8.25,18.5,1.12,8,16,1.14,8,19,1.14,10.52,19,1.12,9,17,1.13,9.5,22,38,1.16,1.13,10.52,8.79,22,17.37,29,1.4,1.33,3.5,3.26,15,-2.25,1.91,1.87,2.03,1.97,1.15,9.6,20.5
F1,30/09/17,Rennes,Caen,0,1,A,0,1,A,9,10,2,3,14,25,8,3,4,1,0,0,1.91,3.25,4.5,1.91,3.3,4.1,2,3.2,3.75,1.91,3.3,4.2,1.93,3.4,4.66,1.95,3.4,4,1.93,3.4,4.4,38,2,1.92,3.45,3.32,4.66,4.2,35,2.17,2.11,1.77,1.71,15,-0.5,1.95,1.91,1.99,1.95,1.9,3.49,4.79
F1,01/10/17,Angers,Lyon,3,3,D,1,3,A,15,13,4,6,12,14,9,4,2,3,0,1,3.25,3.25,2.3,3.25,3.25,2.2,3.4,3.2,2.1,3.1,3.4,2.3,3.34,3.52,2.26,3.1,3.4,2.25,3.2,3.4,2.3,38,3.4,3.17,3.52,3.36,2.3,2.23,36,1.9,1.81,2.09,1.99,16,0.25,1.96,1.9,2,1.95,3.53,3.65,2.16
F1,01/10/17,Nice,Marseille,2,4,A,2,3,A,19,17,10,9,14,16,9,5,2,3,0,1,2.38,3.4,3,2.3,3.2,3.1,2.4,3.2,2.85,2.35,3.4,2.9,2.38,3.5,3.13,2.2,3.4,3.2,2.4,3.4,3,38,2.42,2.33,3.5,3.33,3.2,3.01,36,1.85,1.79,2.11,2.01,16,-0.25,2.09,2.04,1.86,1.82,2.44,3.54,3.05
F1,01/10/17,Troyes,St Etienne,2,1,H,1,0,H,11,14,7,4,7,17,5,8,3,1,1,1,3.3,3.2,2.3,3.1,3.2,2.3,3.1,3.1,2.3,3.25,3.1,2.3,3.46,3.21,2.36,3.1,3.1,2.4,3.3,3.13,2.38,37,3.46,3.22,3.3,3.14,2.4,2.31,32,2.48,2.33,1.65,1.59,16,0.25,1.93,1.88,2.03,1.97,3.78,3.34,2.19
F1,13/10/17,Lyon,Monaco,3,2,H,2,2,D,22,14,7,7,9,15,7,5,4,1,0,0,2.1,3.75,3.3,2.05,3.9,3.3,2.3,3.2,3,2.1,3.7,3.1,2.14,4.02,3.29,2.15,3.75,3,2.1,3.9,3.25,36,2.3,2.1,4.03,3.77,3.45,3.15,31,1.5,1.45,2.88,2.66,20,-0.25,1.89,1.84,2.08,2.01,1.92,4.22,3.83
F1,14/10/17,Caen,Angers,0,2,A,0,0,D,22,12,5,4,12,18,4,4,1,4,0,0,2.5,3.1,3.1,2.5,3.1,3.1,2.4,3.15,2.9,2.45,3,3,2.5,3.07,3.34,2.5,3,3.1,2.45,3.1,3.25,34,2.6,2.46,3.15,3.03,3.34,3.1,29,2.56,2.41,1.58,1.54,17,-0.25,2.12,2.07,1.84,1.79,2.45,3.21,3.32
F1,14/10/17,Dijon,Paris SG,1,2,A,0,0,D,15,18,5,8,10,13,5,9,3,4,0,0,21,9,1.13,18.5,9,1.13,16,8,1.12,29,9,1.11,26.28,9.54,1.13,17,8,1.14,21,9.5,1.13,35,29,20.64,10,8.79,1.15,1.12,28,1.38,1.34,3.3,3.14,16,2.5,1.92,1.87,2.03,1.98,21,9.6,1.15
F1,14/10/17,Guingamp,Rennes,2,0,H,0,0,D,16,11,9,0,19,15,6,5,3,6,0,1,2.15,3.3,3.5,2.15,3.25,3.6,2.1,3.15,3.45,2.1,3.25,3.5,2.16,3.45,3.67,2.15,3.2,3.6,2.15,3.3,3.7,33,2.18,2.13,3.45,3.27,3.8,3.55,31,2.13,2.05,1.8,1.74,15,-0.25,1.9,1.83,2.08,2.02,2.16,3.53,3.64
F1,14/10/17,Lille,Troyes,2,2,D,1,1,D,16,10,6,2,16,12,3,1,1,2,1,0,1.55,3.8,6.5,1.55,4,6.5,1.6,3.6,5.6,1.6,3.75,5.8,1.6,4.02,6.76,1.57,3.75,6.5,1.6,3.9,6.25,34,1.65,1.58,4.02,3.79,6.76,6.12,33,2.1,2.02,1.84,1.78,17,-1,2.14,2.06,1.83,1.79,1.71,3.97,5.4
F1,14/10/17,St Etienne,Metz,3,1,H,0,1,A,20,10,5,2,10,16,12,5,2,1,0,0,1.53,4,7,1.5,4.33,6.75,1.5,3.9,6.3,1.5,4,6.5,1.58,4.06,6.81,1.5,4,7,1.53,4.1,7,34,1.58,1.53,4.33,3.99,7.33,6.53,33,1.98,1.9,1.96,1.87,18,-1,2,1.93,1.97,1.91,1.67,3.97,5.94
F1,14/10/17,Toulouse,Amiens,1,0,H,1,0,H,16,7,6,2,14,21,3,0,1,5,0,1,1.73,3.5,5,1.83,3.4,4.75,1.8,3.4,4.35,1.8,3.25,5,1.79,3.32,5.98,1.8,3.3,5,1.8,3.4,5.25,34,1.85,1.78,3.5,3.32,5.98,5.08,29,2.5,2.4,1.61,1.55,15,-0.75,2.09,2.03,1.88,1.82,1.86,3.31,5.47
F1,15/10/17,Bordeaux,Nantes,1,1,D,0,1,A,18,14,3,4,13,15,6,2,3,2,0,0,1.67,3.5,6,1.67,3.5,6,1.8,3.4,4.35,1.67,3.6,5.5,1.67,3.79,6.19,1.67,3.6,5.5,1.67,3.6,6,34,1.8,1.67,3.79,3.59,6.19,5.54,32,2.24,2.13,1.73,1.69,16,-0.75,1.92,1.88,2.05,1.97,1.69,3.78,6.11
F1,15/10/17,Montpellier,Nice,2,0,H,0,0,D,14,15,4,8,14,15,4,7,3,1,0,0,2.4,3.2,3.1,2.45,3.1,3.1,2.5,3.2,2.7,2.4,3.1,3,2.51,3.27,3.12,2.5,3.1,3,2.45,3.2,3.13,34,2.55,2.43,3.28,3.17,3.15,3.01,29,2.2,2.13,1.76,1.68,16,-0.25,2.17,2.07,1.83,1.79,2.79,3.15,2.91
F1,15/10/17,Strasbourg,Marseille,3,3,D,1,1,D,19,20,9,7,14,9,4,4,3,3,0,0,4.2,3.4,1.91,3.9,3.4,2,3.6,3.3,2,3.5,3.5,2,3.84,3.57,2.06,3.75,3.6,1.95,3.7,3.6,2.05,34,4.2,3.69,3.65,3.48,2.06,2,31,1.85,1.76,2.13,2.03,16,0.5,1.88,1.84,2.06,2.01,4.42,3.55,1.95
F1,20/10/17,St Etienne,Montpellier,0,1,A,0,1,A,21,15,4,4,25,17,6,2,2,3,0,0,2.14,3.25,3.6,2.2,3.1,3.7,2.2,3.1,3.3,2.2,3,3.5,2.22,3.18,3.92,2.15,3,3.75,2.2,3.13,3.75,36,2.25,2.19,3.25,3.08,3.92,3.63,32,2.6,2.48,1.59,1.52,19,-0.25,1.91,1.87,2.04,1.99,2.17,3.26,3.96
F1,21/10/17,Amiens,Bordeaux,1,0,H,0,0,D,13,14,4,4,12,13,4,3,3,1,0,0,5.5,3.79,1.64,5.5,3.8,1.65,4.1,3.4,1.85,5.75,3.6,1.61,5.88,3.88,1.67,5.5,3.5,1.67,6.25,3.8,1.62,35,6.25,5.54,3.9,3.69,1.85,1.64,33,2.21,2.14,1.77,1.69,18,0.75,2.08,2.04,1.86,1.82,6.23,3.91,1.66
F1,21/10/17,Angers,Toulouse,0,1,A,0,1,A,14,3,4,1,11,16,4,2,2,4,0,0,2,3.39,4,2,3.25,4.2,2.1,3.15,3.45,2,3.2,4,2.01,3.31,4.43,2,3.2,4,2,3.3,4.2,35,2.1,1.99,3.39,3.24,4.43,4.02,30,2.41,2.3,1.65,1.59,17,-0.25,1.74,1.7,2.26,2.19,2.02,3.45,4.25
F1,21/10/17,Metz,Dijon,1,2,A,1,1,D,15,8,5,6,11,15,2,5,1,2,1,0,2.75,3.29,2.62,2.6,3.3,2.75,2.4,3.2,2.85,2.62,3.25,2.65,2.84,3.25,2.74,2.7,3.1,2.7,2.75,3.3,2.7,35,2.84,2.67,3.35,3.22,2.85,2.67,34,2.08,2,1.87,1.79,20,0,1.99,1.93,1.96,1.92,2.7,3.32,2.87
F1,21/10/17,Monaco,Caen,2,0,H,1,0,H,15,8,6,1,12,17,7,7,3,2,0,0,1.33,5,10,1.33,5.25,9.25,1.4,4.3,7.5,1.33,5,9,1.37,5.25,9.55,1.33,4.8,9,1.33,5.4,9.5,36,1.4,1.34,5.5,5.02,10,8.63,31,1.58,1.54,2.55,2.43,19,-1.5,2.07,2.01,1.87,1.85,1.4,5.15,8.9
F1,21/10/17,Nantes,Guingamp,2,1,H,1,0,H,9,10,3,4,13,12,3,6,3,1,0,0,2.1,3.29,3.75,2.1,3.25,3.75,2,3.2,3.75,2.15,3.1,3.6,2.18,3.15,4.03,2.15,3.2,3.5,2.15,3.2,3.8,36,2.18,2.13,3.3,3.16,4.03,3.67,31,2.51,2.35,1.61,1.57,18,-0.25,1.86,1.82,2.08,2.04,2.29,3.17,3.74
F1,21/10/17,Rennes,Lille,1,0,H,1,0,H,9,7,6,1,13,17,2,6,1,2,0,1,2.14,3.29,3.5,2.2,3.2,3.5,2.3,3.1,3.1,2.15,3.2,3.4,2.25,3.28,3.62,2.2,3.2,3.4,2.15,3.3,3.7,34,2.3,2.18,3.3,3.23,3.7,3.44,33,2.25,2.13,1.77,1.7,18,-0.25,1.93,1.85,2.06,2,2.15,3.3,3.98
F1,22/10/17,Marseille,Paris SG,2,2,D,1,1,D,11,7,3,3,18,14,3,4,4,3,0,1,6.5,5,1.44,7,5,1.42,7,4.5,1.45,6.5,4.8,1.4,7.55,5.54,1.4,6,4.8,1.44,7.5,5.25,1.4,35,7.55,6.64,5.54,4.98,1.45,1.41,27,1.4,1.34,3.6,3.15,18,1.25,2.06,2,1.92,1.86,8.6,5.8,1.37
F1,22/10/17,Nice,Strasbourg,1,2,A,0,1,A,14,15,9,6,5,5,9,1,0,1,0,1,1.57,4,6,1.57,4.2,5.75,1.55,3.7,6,1.6,3.9,5.5,1.61,4.28,5.84,1.6,3.6,6,1.6,4,6,35,1.63,1.59,4.28,3.98,6,5.55,33,1.86,1.78,2.07,2.01,20,-1,2.12,2.05,1.86,1.81,1.72,3.87,5.54
F1,22/10/17,Troyes,Lyon,0,5,A,0,1,A,9,14,3,10,12,13,4,3,2,2,1,0,5,4,1.66,5.5,3.75,1.67,4.85,3.5,1.7,4.8,4,1.67,5.77,4.09,1.65,5.5,3.5,1.67,5.4,4,1.65,36,5.77,5.13,4.2,3.87,1.7,1.64,30,1.69,1.6,2.45,2.27,19,1,1.82,1.77,2.16,2.08,6.35,4.34,1.58
F1,27/10/17,Paris SG,Nice,3,0,H,2,0,H,16,8,8,1,10,9,8,2,0,0,0,0,1.14,9,17,1.15,8.5,15.5,1.2,6,13,1.14,8.5,21,1.16,9.7,18,1.14,8.5,15,1.14,9.5,17,35,1.2,1.14,9.7,8.63,21.9,16.46,27,1.3,1.25,4,3.74,20,-2.5,2.06,2.01,1.88,1.84,1.15,10.05,19.4
F1,28/10/17,Bordeaux,Monaco,0,2,A,0,0,D,12,12,4,5,22,12,6,2,2,0,0,0,2.5,3.39,2.79,2.6,3.5,2.65,2.6,3.2,2.6,2.5,3.4,2.65,2.58,3.55,2.83,2.6,3.3,2.7,2.55,3.5,2.75,32,2.7,2.53,3.7,3.41,2.83,2.69,32,1.78,1.71,2.23,2.1,18,0,1.9,1.86,2.06,1.99,2.57,3.57,2.85
F1,28/10/17,Caen,Troyes,1,0,H,1,0,H,16,8,3,3,12,13,6,6,1,3,0,0,1.66,3.6,5.75,1.7,3.7,5.25,1.75,3.4,4.65,1.67,3.5,5.5,1.68,3.53,6.67,1.67,3.6,5.5,1.67,3.6,6,35,1.75,1.67,3.75,3.52,6.67,5.68,33,2.25,2.12,1.75,1.7,17,-0.75,1.92,1.88,2.02,1.97,1.71,3.71,5.96
F1,28/10/17,Dijon,Nantes,1,0,H,1,0,H,6,10,1,0,15,19,1,5,3,2,0,0,2.6,3.1,2.89,2.65,3.1,2.85,2.6,3.2,2.6,2.6,3,2.8,2.66,3.17,3,2.62,3,2.9,2.63,3.2,2.9,35,2.72,2.59,3.2,3.09,3,2.84,30,2.36,2.27,1.65,1.61,17,0,1.89,1.84,2.08,2.01,2.74,3.21,2.91
F1,28/10/17,Guingamp,Amiens,1,1,D,1,1,D,12,7,4,2,16,20,5,5,1,5,0,1,1.66,3.5,6,1.65,3.6,6,1.75,3.4,4.65,1.67,3.6,5.5,1.67,3.78,6.24,1.67,3.6,5.5,1.65,3.7,6,35,1.75,1.65,3.78,3.59,6.24,5.67,33,2.2,2.13,1.75,1.69,18,-1,2.31,2.21,1.74,1.69,1.96,3.32,4.81
F1,28/10/17,Montpellier,Rennes,0,1,A,0,0,D,9,7,4,2,15,17,4,1,4,2,0,0,2.04,3.1,4.09,2.05,3.2,4,1.9,3.35,3.9,2,3.1,4,2,3.19,4.72,2,3.1,4.2,2,3.25,4.3,35,2.08,1.99,3.35,3.16,4.72,4.14,30,2.53,2.39,1.65,1.55,17,-0.5,2.05,1.98,1.92,1.88,2.09,3.21,4.34
F1,28/10/17,Strasbourg,Angers,2,2,D,1,0,H,14,5,6,2,10,12,4,2,3,2,0,0,2.7,3.1,2.79,2.6,3.1,2.95,2.4,3.15,2.9,2.6,3.1,2.8,2.76,3.16,2.89,2.6,3.1,2.8,2.7,3.13,2.9,35,2.76,2.61,3.2,3.1,2.95,2.81,33,2.25,2.15,1.73,1.68,17,0,1.93,1.86,2.05,2,2.96,3.35,2.61
F1,29/10/17,Lille,Marseille,0,1,A,0,1,A,18,10,7,3,18,17,11,4,2,3,0,0,3.39,3.25,2.25,3.3,3.4,2.2,3.2,3.2,2.2,3.2,3.4,2.2,3.36,3.62,2.22,3.2,3.3,2.25,3.25,3.5,2.25,34,3.45,3.2,3.62,3.39,2.27,2.22,32,1.83,1.78,2.11,2.02,17,0.25,1.99,1.93,1.96,1.91,3.15,3.51,2.39
F1,29/10/17,Lyon,Metz,2,0,H,2,0,H,12,7,4,4,13,17,3,2,0,3,0,0,1.18,7.5,15,1.18,7.5,15,1.22,5.5,12,1.18,7,15,1.21,8.14,13.13,1.17,7.5,15,1.17,8,17,34,1.22,1.18,8.14,7.37,17,12.99,27,1.33,1.3,2.14,2.02,19,-2,1.84,1.8,3.6,3.35,1.18,9.2,15
F1,29/10/17,Toulouse,St Etienne,0,0,D,0,0,D,11,4,4,2,16,19,7,1,2,3,0,0,2.2,3.1,3.6,2.3,3.2,3.3,2.3,3.1,3.1,2.2,3.1,3.5,2.26,3.2,3.69,2.25,3.1,3.4,2.25,3.13,3.6,34,2.3,2.22,3.25,3.12,3.7,3.45,29,2.43,2.35,1.6,1.56,17,-0.25,1.94,1.89,2,1.96,2.39,3.15,3.51
F1,03/11/17,Rennes,Bordeaux,1,0,H,1,0,H,6,6,2,0,14,26,8,0,2,5,0,0,3.25,3.25,2.29,3.4,3.1,2.3,2.8,3.1,2.5,3.25,3.1,2.3,3.37,3.27,2.36,3.3,3.2,2.25,3.3,3.2,2.38,36,3.43,3.24,3.27,3.17,2.5,2.33,31,2.38,2.26,1.69,1.62,19,0.25,1.91,1.87,2.02,1.98,3.28,3.27,2.41
F1,04/11/17,Angers,Paris SG,0,5,A,0,3,A,9,15,3,7,8,13,2,4,1,3,0,0,15,7,1.19,14.5,6.75,1.2,13,6,1.2,13,6,1.22,13.5,6.65,1.25,13,6.5,1.2,13,7,1.22,37,15,12.48,7.6,6.61,1.26,1.21,29,1.44,1.4,3,2.83,20,2,2,1.79,2.14,2.06,12,6.82,1.26
F1,04/11/17,Monaco,Guingamp,6,0,H,4,0,H,18,12,9,3,17,9,4,1,1,1,0,0,1.44,4.75,7,1.4,5,7.5,1.4,4.3,7.5,1.44,4.5,7,1.46,5.06,7.05,1.44,4.5,7,1.4,5,8,36,1.46,1.42,5.1,4.73,8,6.9,31,1.6,1.55,2.55,2.4,18,-1.25,2.02,1.94,1.96,1.91,1.42,5.26,7.91
F1,04/11/17,Montpellier,Amiens,1,1,D,0,0,D,10,12,3,1,11,12,3,2,2,1,0,0,1.75,3.39,5.5,1.8,3.2,5.5,1.8,3.4,4.4,1.8,3.25,5,1.79,3.28,6.2,1.8,3.1,5.5,1.75,3.4,5.5,36,1.83,1.77,3.4,3.27,6.2,5.34,31,2.63,2.48,1.56,1.52,18,-0.75,2.08,2.04,1.86,1.82,1.76,3.41,6.29
F1,04/11/17,Nantes,Toulouse,2,1,H,1,0,H,11,10,6,3,20,16,9,4,2,4,0,0,2,3.1,4.33,1.91,3.2,4.6,2.1,3.1,3.6,2,3,4.2,2.04,3.02,4.91,2,3,4.5,2,3.1,4.6,36,2.1,1.99,3.25,3.04,5.1,4.41,31,2.95,2.69,1.5,1.44,17,-0.5,2.04,2,1.9,1.86,1.98,3.3,4.73
F1,04/11/17,Troyes,Strasbourg,3,0,H,0,0,D,13,10,6,2,18,8,4,1,3,1,0,1,2.75,3.29,2.62,2.75,3.2,2.7,2.9,3.15,2.4,2.7,3.25,2.6,2.76,3.4,2.71,2.7,3.1,2.7,2.75,3.3,2.7,36,2.9,2.71,3.4,3.24,2.75,2.63,35,2.08,1.98,1.88,1.8,19,0,2.01,1.95,1.94,1.89,2.9,3.45,2.6
F1,05/11/17,Marseille,Caen,5,0,H,1,0,H,28,11,11,3,5,9,13,6,0,0,0,0,1.53,4,7,1.45,4.4,7.25,1.5,3.9,6.3,1.5,4.2,6.5,1.5,4.42,7.66,1.5,4,7,1.5,4.33,7,36,1.53,1.48,4.6,4.22,7.8,6.76,33,1.79,1.73,2.19,2.07,19,-1,1.89,1.83,2.1,2.02,1.54,4.33,7.15
F1,05/11/17,Metz,Lille,0,3,A,0,1,A,19,14,5,7,13,19,9,0,3,2,0,0,3.29,3.2,2.29,3.2,3.25,2.35,2.9,3.15,2.4,3.1,3.1,2.35,3.18,3.27,2.47,3,3.2,2.4,3.13,3.25,2.45,36,3.29,3.1,3.3,3.19,2.47,2.36,33,2.2,2.12,1.76,1.7,18,0.25,1.84,1.81,2.09,2.05,3.09,3.39,2.49
F1,05/11/17,Nice,Dijon,1,0,H,1,0,H,11,13,4,4,14,9,6,4,1,1,1,0,1.72,3.6,5.25,1.75,3.75,4.75,1.8,3.4,4.4,1.75,3.6,4.6,1.76,3.83,5.09,1.73,3.6,5,1.75,3.8,4.8,36,1.8,1.74,3.9,3.66,5.25,4.74,34,1.88,1.82,2.06,1.97,17,-0.75,2.01,1.97,1.93,1.89,1.94,3.56,4.45
F1,05/11/17,St Etienne,Lyon,0,5,A,0,2,A,13,13,2,10,22,17,5,1,1,2,1,0,4.2,3.39,1.95,4.1,3.5,1.91,4,3.3,1.9,3.7,3.6,1.95,3.89,3.79,1.98,4,3.5,1.91,4,3.6,1.95,35,4.2,3.83,3.79,3.56,1.98,1.93,29,1.75,1.7,2.19,2.11,18,0.5,1.97,1.92,1.99,1.93,3.51,3.49,2.23
F1,17/11/17,Amiens,Monaco,1,1,D,1,0,H,10,15,2,4,15,15,4,4,2,3,0,0,5.25,3.79,1.66,5,3.8,1.7,5.6,3.6,1.6,5,3.75,1.67,5.6,3.99,1.69,5,4,1.65,5.5,4,1.65,36,5.6,5.07,4,3.8,1.73,1.68,32,1.91,1.83,2.02,1.96,20,1,1.74,1.69,2.32,2.21,6.19,4.16,1.62
F1,17/11/17,Lille,St Etienne,3,1,H,1,1,D,12,8,5,3,10,16,8,10,2,3,0,0,2.1,3.25,3.75,2.1,3.2,3.8,2.2,3.1,3.3,2.1,3.2,3.75,2.17,3.26,3.96,2.15,3.2,3.6,2.1,3.25,3.9,36,2.24,2.12,3.35,3.2,4,3.71,32,2.43,2.3,1.66,1.6,20,-0.25,1.86,1.8,2.12,2.07,2.24,3.26,3.73
F1,18/11/17,Dijon,Troyes,3,1,H,1,1,D,15,11,8,4,13,12,4,4,1,1,0,0,1.9,3.39,4.33,1.85,3.5,4.5,1.85,3.4,4.1,1.91,3.4,4,1.93,3.52,4.48,1.91,3.4,4.2,1.91,3.5,4.33,36,2,1.9,3.6,3.43,4.5,4.2,35,2.06,1.97,1.89,1.82,17,-0.75,2.25,2.17,1.75,1.71,1.83,3.64,5.07
F1,18/11/17,Guingamp,Angers,1,1,D,1,1,D,9,10,2,2,15,18,1,7,4,4,1,0,2.29,3.2,3.29,2.25,3.3,3.3,2.2,3.1,3.3,2.25,3.2,3.2,2.31,3.47,3.3,2.3,3.2,3.2,2.3,3.4,3.25,36,2.33,2.26,3.5,3.29,3.4,3.23,33,2.12,2.04,1.84,1.76,18,-0.25,2.01,1.95,1.93,1.89,2.33,3.43,3.33
F1,18/11/17,Paris SG,Nantes,4,1,H,2,0,H,23,8,10,1,9,17,9,2,2,3,0,0,1.11,10,21,1.09,10,29,1.1,8,20,1.09,11,34,1.11,11.76,23.49,1.11,9,26,1.06,11,21,36,1.12,1.1,13.28,10.16,34,23.64,27,1.33,1.29,3.75,3.46,18,-2.5,1.86,1.8,2.11,2.05,1.14,10.5,21.01
F1,18/11/17,Strasbourg,Rennes,2,1,H,1,0,H,11,13,5,4,18,8,6,7,1,0,0,1,2.29,3.2,3.29,2.25,3.2,3.4,2.4,3.15,2.9,2.2,3.1,3.4,2.27,3.27,3.58,2.3,3.2,3.2,2.25,3.25,3.5,36,2.4,2.24,3.3,3.19,3.6,3.37,30,2.31,2.2,1.72,1.66,19,-0.25,1.98,1.91,1.99,1.94,2.15,3.26,4.05
F1,18/11/17,Toulouse,Metz,0,0,D,0,0,D,21,12,3,5,16,11,9,4,2,3,0,1,1.72,3.6,5.25,1.72,3.5,5.5,1.65,3.5,5.3,1.73,3.5,5.2,1.73,3.72,5.61,1.73,3.5,5,1.73,3.6,5.4,36,1.77,1.72,3.75,3.56,5.61,5.16,33,2.2,2.12,1.77,1.7,18,-0.75,2.01,1.95,1.94,1.9,1.85,3.51,5.1
F1,19/11/17,Bordeaux,Marseille,1,1,D,1,0,H,9,14,3,3,16,14,3,6,4,2,0,0,2.29,3.39,3.1,2.35,3.2,3.2,2.3,3.1,3.1,2.3,3.4,3,2.38,3.41,3.22,2.3,3.2,3.2,2.3,3.5,3.1,36,2.45,2.31,3.55,3.35,3.25,3.08,33,1.83,1.76,2.13,2.04,19,-0.25,2.05,2,1.91,1.85,2.23,3.57,3.43
F1,19/11/17,Caen,Nice,1,1,D,0,1,A,18,12,4,7,10,11,12,3,2,3,0,0,2.6,3.1,2.89,2.65,3,2.95,2.6,3.2,2.6,2.6,3.1,2.8,2.66,3.19,2.98,2.7,3.1,2.7,2.63,3.2,2.9,36,2.7,2.6,3.21,3.11,3,2.85,31,2.33,2.22,1.7,1.64,19,0,1.87,1.83,2.07,2.01,2.71,3.16,2.99
F1,19/11/17,Lyon,Montpellier,0,0,D,0,0,D,15,15,3,2,11,9,9,6,2,1,0,0,1.39,4.5,9,1.36,4.75,9.25,1.35,4.7,7.9,1.4,4.6,7.5,1.39,5.09,9.02,1.4,4.33,9,1.4,5,8.5,36,1.44,1.39,5.2,4.72,9.25,8.09,30,1.7,1.63,2.38,2.24,18,-1.25,1.94,1.89,2.03,1.96,1.55,4.32,6.92
F1,20/11/17,Amiens,Lille,3,0,H,1,0,H,8,12,4,1,12,10,4,6,3,2,0,0,2.7,3.1,2.7,3,3,2.6,2.6,3.2,2.6,3,3,2.5,2.88,3.22,2.76,2.88,3,2.6,2.75,3.2,2.75,36,3.06,2.85,3.27,3.11,2.76,2.64,35,2.53,2.26,1.75,1.64,20,0,2.14,1.97,1.96,1.88,2.88,3.22,2.76
F1,24/11/17,St Etienne,Strasbourg,2,2,D,1,1,D,12,10,6,4,14,10,7,4,4,2,0,0,2,3.5,3.75,1.91,3.5,4.1,1.9,3.3,4,1.95,3.4,3.9,1.98,3.56,4.26,1.91,3.5,4,1.93,3.5,4.2,35,2.02,1.94,3.62,3.45,4.28,3.97,30,2.1,2.02,1.85,1.78,18,-0.5,1.98,1.94,1.97,1.93,2.04,3.43,4.19
F1,25/11/17,Caen,Bordeaux,1,0,H,1,0,H,12,10,2,2,13,14,4,8,2,3,0,0,3.39,3.1,2.29,3.25,3.2,2.3,2.9,3.15,2.4,3.3,3.1,2.3,3.38,3.24,2.38,3.2,3.1,2.3,3.4,3.2,2.3,35,3.4,3.27,3.3,3.15,2.4,2.29,30,2.39,2.28,1.67,1.6,18,0.25,1.94,1.9,2.02,1.96,3.44,3.29,2.35
F1,25/11/17,Dijon,Toulouse,3,1,H,1,0,H,13,12,5,4,11,16,6,2,3,2,0,0,2.25,3.2,3.39,2.3,3.1,3.4,2.3,3.1,3.1,2.25,3.1,3.3,2.35,3.23,3.44,2.25,3.2,3.3,2.3,3.25,3.4,35,2.35,2.27,3.25,3.17,3.46,3.29,27,2.25,2.17,1.73,1.67,18,-0.25,2,1.94,1.96,1.92,2.26,3.24,3.72
F1,25/11/17,Metz,Amiens,0,2,A,0,1,A,21,11,6,2,17,8,8,1,1,0,0,0,2.37,3.2,3.2,2.4,3.1,3.25,2.5,3.1,2.8,2.4,3.1,3.1,2.45,3.16,3.33,2.5,3.1,2.9,2.45,3.13,3.2,35,2.5,2.4,3.25,3.1,3.33,3.12,30,2.46,2.32,1.62,1.59,18,-0.25,2.13,2.05,1.85,1.81,2.86,3.11,2.87
F1,25/11/17,Montpellier,Lille,3,0,H,3,0,H,18,10,6,4,13,14,6,7,1,6,0,0,2.14,3.2,3.7,2.2,3.2,3.5,2.2,3.1,3.3,2.15,3.1,3.6,2.15,3.22,4.02,2.2,3.1,3.5,2.2,3.2,3.7,35,2.22,2.15,3.25,3.14,4.02,3.61,30,2.44,2.34,1.63,1.57,18,-0.25,1.89,1.85,2.1,2.02,1.98,3.25,4.85
F1,25/11/17,Rennes,Nantes,2,1,H,0,0,D,15,10,5,1,17,14,8,2,3,6,0,1,2.39,3.1,3.2,2.4,3.1,3.25,2.3,3.1,3.1,2.35,3,3.3,2.57,2.99,3.31,2.5,3.1,2.9,2.5,3,3.25,35,2.57,2.43,3.1,2.98,3.45,3.19,30,2.83,2.65,1.52,1.46,18,-0.25,2.15,2.07,1.84,1.8,2.82,2.95,3.07
F1,25/11/17,Troyes,Angers,3,0,H,2,0,H,9,7,3,3,15,15,4,3,2,4,0,0,3.2,3.2,2.37,3.2,3.1,2.4,2.6,3.2,2.6,3.1,3.2,2.35,3.17,3.32,2.45,3,3.25,2.38,3.2,3.25,2.38,35,3.3,3.1,3.32,3.18,2.6,2.37,33,2.24,2.14,1.77,1.69,18,0.25,1.87,1.83,2.11,2.04,3.37,3.31,2.34
F1,26/11/17,Marseille,Guingamp,1,0,H,1,0,H,21,4,7,1,11,13,6,2,2,2,0,0,1.5,4.33,6.5,1.53,4.33,6,1.5,3.9,6.3,1.5,4.2,6,1.53,4.47,6.78,1.57,3.75,6,1.5,4.5,6.5,35,1.57,1.51,4.5,4.24,6.8,6.09,30,1.66,1.62,2.36,2.26,20,-1,1.9,1.86,2.05,2,1.43,5.15,8
F1,26/11/17,Monaco,Paris SG,1,2,A,0,1,A,8,18,2,5,17,13,1,4,3,4,0,0,5.25,4.75,1.53,5.25,4.6,1.55,6,3.7,1.55,5,4.4,1.57,5.67,4.7,1.57,6,3.75,1.57,5.4,4.75,1.55,35,6,5.28,4.8,4.43,1.6,1.55,26,1.4,1.36,3.25,3.04,20,1,2.01,1.96,1.96,1.9,7.68,5.73,1.4
F1,26/11/17,Nice,Lyon,0,5,A,0,4,A,10,11,3,7,19,13,2,2,5,3,1,0,3.29,3.39,2.2,3.2,3.5,2.2,3.2,3.2,2.2,3.1,3.6,2.15,3.18,3.74,2.26,3.1,3.6,2.2,3.2,3.6,2.2,35,3.33,3.18,3.75,3.51,2.26,2.17,30,1.62,1.58,2.44,2.33,18,0.25,1.98,1.94,1.97,1.92,3.01,3.57,2.45
F1,28/11/17,Amiens,Dijon,2,1,H,1,1,D,8,16,5,6,5,14,3,6,0,3,0,0,2.37,3.1,3.25,2.35,3.1,3.3,2.2,3.1,3.3,2.35,3.1,3.2,2.41,3.26,3.34,2.3,3.2,3.2,2.38,3.2,3.25,35,2.42,2.34,3.26,3.15,3.35,3.21,30,2.33,2.23,1.71,1.64,19,-0.25,2.05,2,1.9,1.86,2.5,3.17,3.28
F1,28/11/17,Bordeaux,St Etienne,3,0,H,2,0,H,12,11,6,5,12,19,2,6,1,2,0,0,1.83,3.39,4.75,1.8,3.4,5,1.8,3.4,4.35,1.8,3.4,4.8,1.81,3.54,5.45,1.8,3.3,5,1.75,3.5,5.25,35,1.84,1.79,3.55,3.4,5.45,4.94,28,2.29,2.19,1.73,1.66,18,-0.75,2.1,2.03,1.88,1.84,1.79,3.65,5.28
F1,28/11/17,Strasbourg,Caen,0,0,D,0,0,D,6,15,3,1,13,13,2,3,1,2,0,0,1.95,3.25,4.2,2.05,3.25,3.9,2.1,3.15,3.45,2,3.3,3.75,2.06,3.5,4,2.05,3.4,3.6,2,3.4,4,35,2.1,2.02,3.5,3.33,4.2,3.8,30,2.14,2.06,1.83,1.75,19,-0.5,2.08,2.03,1.89,1.84,2.02,3.59,4.04
F1,29/11/17,Angers,Rennes,1,2,A,1,0,H,10,8,4,3,9,11,7,4,0,1,0,0,2.1,3.2,3.79,2.1,3.25,3.75,2.2,3.1,3.3,2.05,3.2,3.7,2.09,3.25,4.14,2.1,3.25,3.6,2.1,3.25,3.9,34,2.2,2.09,3.3,3.2,4.14,3.75,30,2.27,2.19,1.71,1.65,18,-0.25,1.82,1.78,2.16,2.09,2.13,3.23,4.13
F1,29/11/17,Guingamp,Montpellier,0,0,D,0,0,D,10,6,1,4,15,21,8,3,1,3,0,0,2.39,3.1,3.25,2.45,3.2,3,2.3,3.1,3.1,2.45,3,3.1,2.51,3.12,3.27,2.5,3.1,3,2.5,3.13,3.13,34,2.55,2.43,3.25,3.08,3.27,3.11,29,2.51,2.36,1.62,1.56,17,-0.25,2.17,2.09,1.83,1.78,2.97,3.07,2.8
F1,29/11/17,Lyon,Lille,1,2,A,1,2,A,21,7,5,3,8,13,4,2,0,1,0,0,1.33,5,10,1.33,5.25,9.25,1.4,4.3,7.5,1.33,5.2,9,1.32,6.1,9.81,1.3,5,10,1.33,5.5,9,34,1.4,1.32,6.1,5.34,10,9,29,1.53,1.49,2.85,2.53,18,-1.5,1.96,1.93,1.99,1.93,1.35,5.73,9.77
F1,29/11/17,Metz,Marseille,0,3,A,0,2,A,9,21,4,8,13,8,0,9,1,0,0,0,6.5,4.33,1.5,6.25,4.4,1.5,6.3,3.9,1.5,6,4.2,1.53,6.23,4.7,1.53,6.5,4.2,1.5,6.5,4.4,1.53,34,6.6,6.11,4.7,4.31,1.55,1.51,29,1.73,1.66,2.26,2.17,19,1,2.05,1.98,1.93,1.87,5.98,4.6,1.57
F1,29/11/17,Nantes,Monaco,1,0,H,0,0,D,16,9,5,1,9,12,11,5,0,0,0,0,3.75,3.39,2.04,3.75,3.5,2,3.45,3.15,2.1,3.8,3.3,2,3.94,3.5,2.06,3.6,3.4,2.05,3.9,3.4,2.05,34,4,3.76,3.5,3.35,2.1,2.02,33,2.13,2.02,1.86,1.78,17,0.5,1.88,1.85,2.06,2.02,3.62,3.48,2.19
F1,29/11/17,Paris SG,Troyes,2,0,H,0,0,D,19,6,6,3,14,16,11,1,0,1,0,0,1.04,17,34,1.04,15.5,41,1.05,11,25,1.05,17,61,,,,1.04,17,51,1.04,19,46,31,1.06,1.05,19,14.54,61,36.91,28,1.2,1.17,5.5,4.8,16,-3.25,1.94,1.9,2.02,1.96,1.04,18.83,50.86
F1,29/11/17,Toulouse,Nice,1,2,A,1,0,H,14,8,3,4,16,12,6,4,3,4,1,1,2.62,3,2.89,2.65,3,2.95,2.6,3.2,2.6,2.6,3,2.8,2.69,3.1,3.03,2.62,3,2.9,2.7,3.1,2.9,34,2.7,2.62,3.2,3.04,3.05,2.88,29,2.55,2.34,1.63,1.57,18,0,1.88,1.84,2.07,2.01,2.77,3.17,2.91
F1,01/12/17,Dijon,Bordeaux,3,2,H,1,2,A,17,14,5,6,15,14,6,4,2,2,0,0,3.1,3.1,2.5,3,3.25,2.45,2.8,3.1,2.5,2.9,3.1,2.5,3.05,3.3,2.57,3,3.1,2.5,3,3.2,2.55,35,3.1,2.95,3.31,3.18,2.6,2.49,30,2.2,2.11,1.78,1.72,19,0,2.25,2.08,1.82,1.79,3.41,3.34,2.34
F1,02/12/17,Lille,Toulouse,1,0,H,0,0,D,10,10,3,3,17,18,3,6,2,3,0,0,2.04,3.29,3.89,2,3.3,4,2,3.2,3.75,2.05,3.2,3.8,2.09,3.23,4.19,2.05,3.2,3.8,2.05,3.3,4.1,35,2.11,2.04,3.3,3.23,4.19,3.87,32,2.35,2.24,1.72,1.63,17,-0.5,2.09,2.04,1.87,1.83,2,3.42,4.39
F1,02/12/17,Monaco,Angers,1,0,H,1,0,H,5,8,3,3,13,19,5,3,3,3,0,0,1.39,4.75,8,1.4,4.75,7.75,1.4,4.3,7.5,1.4,4.75,7.5,1.39,5.32,8.4,1.4,4.8,7,1.4,5.2,7.5,35,1.42,1.39,5.5,4.91,8.4,7.41,31,1.59,1.53,2.5,2.42,18,-1.25,1.94,1.88,2.05,1.98,1.52,4.7,6.76
F1,02/12/17,Nice,Metz,3,1,H,1,1,D,15,13,7,5,10,17,1,5,0,2,0,0,1.44,4,8.5,1.44,4.2,8.5,1.45,4,7,1.44,4.33,7.5,1.44,4.7,8.53,1.44,4,8.5,1.44,4.5,8,35,1.45,1.43,4.7,4.3,8.75,7.83,35,1.86,1.8,2.06,1.99,19,-1,1.75,1.7,2.26,2.2,1.51,4.56,7.16
F1,02/12/17,Rennes,Amiens,2,0,H,0,0,D,25,6,5,2,10,7,16,0,1,5,0,0,2,3,4.75,2,3.1,4.33,2.05,3.2,3.6,2,3.1,4,1.99,3.08,5.05,2.05,3.1,4,2,3.1,4.6,35,2.05,1.99,3.2,3.07,5.05,4.36,31,2.77,2.5,1.53,1.5,17,-0.5,2.02,1.99,1.93,1.88,2,3.14,4.81
F1,02/12/17,Strasbourg,Paris SG,2,1,H,1,1,D,5,29,2,5,20,5,0,13,4,3,0,0,15,8,1.16,14,7.5,1.18,14,6.5,1.17,17,7,1.18,15.25,8.26,1.19,15,6,1.2,15,8,1.18,35,19,14.24,8.3,7.42,1.2,1.17,27,1.37,1.33,3.55,3.23,17,2.25,1.9,1.85,2.06,2,22,9.6,1.15
F1,02/12/17,Troyes,Guingamp,0,1,A,0,1,A,14,11,3,5,13,9,5,3,2,2,1,1,2.62,3.1,2.89,2.65,3.2,2.8,2.5,3.1,2.8,2.6,3.1,2.75,2.69,3.26,2.88,2.62,3.1,2.75,2.63,3.25,2.88,35,2.69,2.6,3.3,3.15,2.9,2.79,34,2.22,2.12,1.77,1.71,19,0,1.89,1.86,2.04,2,2.43,3.27,3.31
F1,03/12/17,Caen,Lyon,1,2,A,0,1,A,19,11,4,4,18,15,9,4,1,3,0,0,4.33,3.6,1.85,4.4,3.6,1.83,4.35,3.4,1.8,4.25,3.6,1.8,4.71,3.81,1.82,4.33,3.5,1.83,4.6,3.75,1.8,33,4.71,4.39,3.81,3.6,1.85,1.8,33,1.89,1.82,2.07,1.97,18,0.75,1.87,1.82,2.11,2.04,4.36,3.9,1.87
F1,03/12/17,Montpellier,Marseille,1,1,D,1,1,D,13,6,4,2,9,23,1,3,4,2,0,0,3.39,3.29,2.2,3.5,3.3,2.15,3.3,3.1,2.2,3.2,3.2,2.25,3.31,3.39,2.33,3.2,3.1,2.3,3.3,3.3,2.3,34,3.5,3.27,3.39,3.25,2.33,2.24,31,2.13,2.05,1.81,1.75,18,0.25,1.94,1.9,2.01,1.96,3.47,3.38,2.29
F1,03/12/17,St Etienne,Nantes,1,1,D,1,0,H,13,22,4,6,18,10,5,9,4,1,0,0,2.29,3,3.6,2.3,3,3.6,2.3,3.1,3.1,2.3,2.9,3.4,2.38,3,3.67,2.38,3,3.2,2.38,3,3.5,35,2.4,2.31,3.1,2.96,3.76,3.46,29,2.77,2.66,1.5,1.45,17,-0.25,2,1.95,1.94,1.9,2.21,3.24,3.85
F1,08/12/17,Bordeaux,Strasbourg,0,3,A,0,2,A,12,10,2,4,14,10,10,5,3,1,0,0,1.64,3.75,5.75,1.7,3.8,5,1.75,3.4,4.7,1.66,3.7,5.2,1.7,3.96,5.41,1.67,3.8,5,1.67,3.9,5.4,37,1.75,1.68,4,3.78,5.75,5.18,31,1.95,1.86,2.07,1.93,23,-1,2.29,2.21,1.72,1.68,1.66,3.96,6.08
F1,09/12/17,Angers,Montpellier,1,1,D,0,0,D,13,10,4,6,15,10,5,4,3,2,0,0,2.39,3.1,3.25,2.4,3.1,3.2,2.8,3.1,2.5,2.5,3,3,2.57,3.11,3.18,2.45,3,3.1,2.55,3.1,3.1,37,2.8,2.49,3.2,3.05,3.25,3.06,31,2.53,2.41,1.6,1.54,20,-0.25,2.17,2.12,1.78,1.74,2.83,2.94,3.05
F1,09/12/17,Guingamp,Dijon,4,0,H,2,0,H,17,8,9,1,5,7,18,2,0,0,0,1,2.1,3.29,3.75,2.1,3.2,3.8,2.1,3.15,3.45,2.1,3.3,3.5,2.12,3.31,3.9,2.05,3.4,3.6,2.1,3.3,3.8,37,2.16,2.09,3.47,3.3,3.9,3.64,36,2.1,2,1.86,1.8,20,-0.5,2.12,2.08,1.83,1.79,2.26,3.4,3.53
F1,09/12/17,Metz,Rennes,1,1,D,1,0,H,13,5,6,4,14,11,5,6,3,3,0,0,3.7,3,2.25,3.5,3.2,2.2,3.2,3.2,2.2,3.5,3.1,2.2,3.77,3.18,2.24,3.3,3.1,2.3,3.7,3.2,2.2,37,3.8,3.51,3.3,3.13,2.3,2.22,32,2.45,2.33,1.65,1.58,21,0.25,2.05,1.99,1.95,1.86,3.78,3.29,2.21
F1,09/12/17,Monaco,Troyes,3,2,H,0,1,A,19,5,6,3,14,22,16,1,4,5,0,0,1.3,5.5,10,1.3,5.5,10.5,1.35,4.7,8,1.33,5.2,9.5,1.32,5.72,10.56,1.33,5,9,1.3,5.5,11,37,1.35,1.32,5.81,5.32,12,9.5,32,1.56,1.52,2.62,2.47,22,-1.5,1.95,1.9,2,1.94,1.3,5.82,12.49
F1,09/12/17,Paris SG,Lille,3,1,H,1,0,H,14,7,5,2,14,19,5,4,2,2,0,0,1.12,9,21,1.12,9.75,19.5,1.17,6.5,14,1.11,9.5,23,1.13,11.2,18.45,1.14,8.5,15,1.12,10,21,37,1.17,1.13,11.2,9.29,24.75,17.75,29,1.28,1.24,4.2,3.81,22,-2.5,1.94,1.88,2.03,1.97,1.11,12,27
F1,09/12/17,Toulouse,Caen,2,0,H,0,0,D,10,11,3,3,15,10,4,5,1,2,0,0,2.25,2.89,3.79,2.15,3.1,3.75,2.1,3.15,3.5,2.25,3,3.5,2.28,3.12,3.78,2.2,3.1,3.5,2.25,3.1,3.7,37,2.35,2.23,3.23,3.06,3.79,3.56,32,2.67,2.51,1.57,1.51,21,-0.25,1.95,1.9,2.02,1.95,2.3,3.17,3.71
F1,10/12/17,Amiens,Lyon,1,2,A,1,0,H,14,12,6,3,11,15,2,2,1,2,0,0,5.5,4,1.61,5.75,4,1.6,4.9,3.5,1.7,5,3.9,1.66,5.31,4.05,1.69,5,4.2,1.62,5.5,4.2,1.62,37,5.75,5.24,4.2,3.96,1.7,1.64,31,1.74,1.66,2.35,2.18,22,1,1.83,1.76,2.24,2.1,5.29,4.06,1.71
F1,10/12/17,Marseille,St Etienne,3,0,H,1,0,H,18,5,7,1,13,10,7,2,1,2,0,1,1.5,4.2,7,1.53,4.25,6.25,1.5,4,6.3,1.53,4.25,6,1.55,4.43,6.57,1.6,4.2,5,1.53,4.33,6.5,37,1.6,1.53,4.5,4.23,7,6.07,31,1.67,1.62,2.34,2.25,23,-1,1.92,1.87,2.03,1.97,1.39,5.14,9.28
F1,10/12/17,Nantes,Nice,1,2,A,1,1,D,22,12,4,5,13,12,5,3,1,4,0,0,2.1,3.1,3.89,2.1,3.25,3.8,2.1,3.15,3.5,2.2,3.1,3.6,2.21,3.2,3.85,2.15,3.1,3.6,2.15,3.2,3.8,37,2.24,2.15,3.32,3.15,3.89,3.64,31,2.58,2.43,1.6,1.54,21,-0.25,1.88,1.83,2.07,2.02,2.22,3.27,3.8
F1,15/12/17,St Etienne,Monaco,0,4,A,0,2,A,5,22,3,9,11,11,4,4,1,0,1,0,4.75,3.75,1.75,4.6,3.6,1.8,3.75,3.2,2,4.33,3.6,1.8,4.72,3.82,1.83,4.33,3.6,1.8,4.6,3.75,1.8,34,4.77,4.46,3.82,3.67,2,1.8,33,1.91,1.83,2.06,1.98,20,0.5,2.14,2.09,1.83,1.79,4.88,3.94,1.78
F1,16/12/17,Caen,Guingamp,0,0,D,0,0,D,11,8,2,5,20,13,5,4,2,4,0,0,2.14,3.25,3.6,2.1,3.4,3.6,2,3.2,3.75,2.15,3.2,3.5,2.18,3.29,3.78,2.2,3.2,3.4,2.15,3.3,3.7,33,2.21,2.14,3.4,3.23,3.78,3.57,32,2.26,2.19,1.73,1.67,18,-0.25,1.88,1.84,2.08,2.03,2.42,3.21,3.38
F1,16/12/17,Dijon,Lille,3,0,H,3,0,H,13,9,8,5,14,9,3,4,1,1,0,0,2.25,3.2,3.39,2.25,3.2,3.4,2.2,3.1,3.3,2.3,3.2,3.2,2.36,3.29,3.36,2.3,3.2,3.2,2.3,3.3,3.3,34,2.37,2.29,3.36,3.2,3.4,3.25,32,2.25,2.15,1.75,1.7,18,-0.25,2.04,1.98,1.93,1.88,2.36,3.29,3.42
F1,16/12/17,Montpellier,Metz,1,3,A,1,1,D,9,6,3,4,10,21,3,2,1,2,0,0,1.44,4.2,8,1.48,4.1,7.75,1.5,4,6.5,1.44,4,8,1.49,4.25,8.56,1.44,4.2,8,1.44,4.33,8.5,33,1.5,1.46,4.43,4.15,8.62,7.76,32,2.17,2.07,1.8,1.75,20,-1,1.83,1.78,2.16,2.1,1.49,4.28,8.69
F1,16/12/17,Rennes,Paris SG,1,4,A,0,2,A,14,21,2,10,16,10,4,11,4,3,1,1,11,7,1.22,12,6,1.25,10.3,5.5,1.25,13,6,1.25,13.09,6.54,1.26,12,5.5,1.25,15,7,1.2,34,15,11.75,7,6.24,1.27,1.24,27,1.5,1.45,2.86,2.69,18,2,1.77,1.73,2.23,2.15,15.5,7.5,1.22
F1,16/12/17,Strasbourg,Toulouse,2,1,H,1,1,D,9,11,5,3,17,15,5,5,2,4,0,0,2.1,3.2,3.7,2.1,3.25,3.8,2,3.2,3.75,2.15,3.2,3.5,2.17,3.34,3.77,2.2,3.2,3.4,2.15,3.25,3.8,34,2.23,2.14,3.43,3.24,3.8,3.55,33,2.21,2.14,1.77,1.7,18,-0.25,1.85,1.82,2.12,2.06,2.3,3.44,3.4
F1,16/12/17,Troyes,Amiens,1,0,H,0,0,D,19,11,7,3,18,14,9,0,4,2,0,0,2.29,3.1,3.39,2.35,3.1,3.3,2.5,3.1,2.8,2.25,3.1,3.4,2.34,3.14,3.59,2.3,3.2,3.2,2.3,3.13,3.5,34,2.5,2.29,3.25,3.11,3.59,3.34,30,2.53,2.38,1.62,1.57,17,-0.25,1.99,1.94,1.96,1.93,2.61,3.23,3.06
F1,17/12/17,Lyon,Marseille,2,0,H,1,0,H,8,19,5,5,10,19,5,10,0,2,0,0,2.04,3.6,3.5,2,3.75,3.5,2.1,3.15,3.45,2,3.7,3.4,2.04,3.88,3.6,2.1,3.4,3.4,2.05,3.75,3.5,34,2.11,2.03,3.88,3.64,3.6,3.44,29,1.55,1.5,2.67,2.54,17,-0.25,1.82,1.77,2.17,2.1,2.28,3.62,3.27
F1,17/12/17,Nantes,Angers,1,0,H,1,0,H,10,7,4,0,9,15,3,6,3,2,1,0,2.04,3.2,4,1.95,3.2,4.5,1.85,3.4,4.1,2.05,3.1,4,2.09,3.19,4.28,2,3.2,4,2.05,3.2,4.2,34,2.11,2.02,3.4,3.18,4.6,4.07,30,2.66,2.48,1.57,1.53,17,-0.25,1.8,1.73,2.25,2.16,1.92,3.26,5.24
F1,17/12/17,Nice,Bordeaux,1,0,H,1,0,H,11,10,3,1,10,15,2,4,1,2,0,0,2.29,3.25,3.2,2.25,3.25,3.4,2.1,3.15,3.45,2.25,3.2,3.25,2.32,3.35,3.4,2.25,3.2,3.3,2.3,3.3,3.4,34,2.33,2.25,3.41,3.26,3.45,3.27,32,2.13,2.06,1.82,1.76,18,-0.25,2.01,1.95,1.96,1.91,2.16,3.45,3.74
F1,20/12/17,Amiens,Nantes,0,1,A,0,0,D,12,14,5,5,17,13,5,2,3,2,0,0,2.79,3.1,2.7,2.85,3,2.75,2.6,3.1,2.7,2.75,3,2.7,2.92,3.06,2.82,2.7,3.1,2.7,2.8,3.1,2.75,35,2.93,2.79,3.15,3.04,2.82,2.73,30,2.5,2.41,1.6,1.55,17,0,2.02,1.96,1.94,1.9,3.04,2.94,2.82
F1,20/12/17,Angers,Dijon,2,1,H,1,1,D,24,16,11,3,16,18,7,3,3,4,0,1,2.14,3.25,3.6,2.2,3.3,3.4,2.2,3.1,3.3,2.2,3.2,3.4,2.26,3.24,3.66,2.1,3.3,3.5,2.2,3.3,3.5,35,2.29,2.19,3.35,3.24,3.74,3.45,33,2.18,2.08,1.8,1.74,18,-0.25,1.93,1.89,2.01,1.97,2.02,3.44,4.25
F1,20/12/17,Bordeaux,Montpellier,0,2,A,0,0,D,8,14,1,6,14,13,4,2,3,3,0,0,2.1,3.2,3.79,2.1,3.1,4,2,3.2,3.75,2.1,3.2,3.7,2.09,3.29,4.13,2.1,3.1,3.8,2.1,3.3,3.8,35,2.16,2.09,3.31,3.2,4.13,3.8,32,2.28,2.22,1.71,1.65,19,-0.25,1.83,1.78,2.15,2.09,2.2,3.08,4.13
F1,20/12/17,Guingamp,St Etienne,2,1,H,0,0,D,27,3,6,3,13,13,10,0,3,2,0,1,1.9,3.25,4.5,1.95,3.3,4.25,2,3.2,3.75,1.95,3.2,4.2,2,3.21,4.57,1.95,3.25,4.2,1.95,3.3,4.4,35,2.02,1.96,3.38,3.25,4.65,4.23,29,2.45,2.35,1.62,1.58,17,-0.5,2,1.95,1.96,1.91,1.93,3.59,4.5
F1,20/12/17,Lille,Nice,1,1,D,0,1,A,5,8,1,3,18,11,3,4,2,4,0,0,2.54,3.2,2.89,2.55,3.2,2.9,2.6,3.1,2.7,2.5,3.2,2.87,2.65,3.22,2.96,2.5,3.2,2.88,2.55,3.3,2.9,35,2.7,2.54,3.32,3.2,2.99,2.87,33,2.18,2.08,1.82,1.75,18,0,1.85,1.81,2.11,2.06,2.9,3.14,2.8
F1,20/12/17,Marseille,Troyes,3,1,H,1,1,D,20,8,8,3,11,13,8,2,1,0,0,0,1.3,5.5,10,1.3,5.5,10,1.33,4.8,8.3,1.3,5.25,10,1.3,5.97,11.1,1.3,5.5,9,1.3,5.5,11.5,35,1.33,1.3,5.97,5.44,11.5,9.88,31,1.61,1.55,2.53,2.41,19,-1.5,1.94,1.89,2.03,1.97,1.29,6,12.2
F1,20/12/17,Metz,Strasbourg,3,0,H,0,0,D,26,7,9,2,17,13,10,8,4,1,0,0,3,3.29,2.45,2.95,3.2,2.5,2.8,3.1,2.5,2.87,3.2,2.5,2.93,3.35,2.6,3,3.2,2.4,2.9,3.3,2.55,35,3.1,2.91,3.36,3.23,2.6,2.49,33,2.11,2.04,1.84,1.77,17,0,2.16,2.07,1.85,1.8,2.79,3.37,2.74
F1,20/12/17,Monaco,Rennes,2,1,H,1,0,H,14,8,4,2,21,19,8,1,3,2,0,0,1.39,4.75,8,1.42,4.75,7.5,1.4,4.3,7.5,1.4,4.6,7.5,1.42,5.03,8.22,1.36,5,8,1.4,4.8,8.5,35,1.45,1.4,5.2,4.77,8.6,7.66,31,1.68,1.61,2.4,2.29,18,-1.25,1.95,1.89,2.02,1.97,1.45,4.92,7.99
F1,20/12/17,Paris SG,Caen,3,1,H,1,0,H,21,9,7,4,7,12,5,6,2,2,0,0,1.07,12,29,1.08,11.5,26,1.1,8,20,1.07,12,41,1.08,14.45,37.01,1.06,12,29,1.05,13,51,35,1.1,1.07,14.6,12.12,51,28.72,30,1.28,1.24,4.25,3.93,18,-3,2.06,2.02,1.87,1.84,1.07,16.5,43
F1,20/12/17,Toulouse,Lyon,1,2,A,0,1,A,17,14,5,10,16,11,8,4,3,2,0,0,4.33,3.79,1.8,4.5,3.7,1.8,4.35,3.4,1.8,4.2,3.7,1.8,4.75,3.81,1.81,4.5,3.5,1.8,4.5,3.8,1.8,35,4.75,4.37,3.9,3.68,1.87,1.81,31,1.79,1.72,2.25,2.12,18,0.75,1.86,1.83,2.1,2.04,4.15,3.8,1.93
F1,12/01/18,Strasbourg,Guingamp,0,2,A,0,2,A,14,10,3,5,14,14,7,7,1,2,0,0,2.5,3.25,2.87,2.45,3.25,2.95,2.4,3.15,2.9,2.5,3.1,2.87,2.6,3.29,3.02,2.45,3.25,2.9,2.55,3.25,2.9,35,2.65,2.5,3.32,3.21,3.11,2.92,33,2.17,2.07,1.8,1.75,18,-0.25,2.2,2.15,1.79,1.74,2.71,3.29,2.87
F1,13/01/18,Caen,Lille,0,1,A,0,1,A,15,12,7,5,15,11,5,3,3,3,1,1,2.6,2.89,3.1,2.55,2.9,3.2,2.4,3,3.05,2.45,3,3.1,2.57,2.97,3.34,2.5,2.9,3.2,2.55,3,3.2,35,2.63,2.5,3.06,2.94,3.34,3.17,30,2.67,2.55,1.55,1.5,17,-0.25,2.17,2.12,1.82,1.77,2.26,3.15,3.75
F1,13/01/18,Dijon,Metz,1,1,D,1,0,H,12,12,7,6,10,15,6,7,2,2,1,0,1.85,3.5,4.33,1.87,3.5,4.33,1.8,3.4,4.35,1.91,3.5,4,1.88,3.68,4.47,1.91,3.5,4,1.91,3.6,4.2,36,1.96,1.88,3.7,3.52,4.47,4.16,35,1.95,1.89,1.97,1.91,17,-0.75,2.23,2.15,1.79,1.73,1.97,3.5,4.3
F1,13/01/18,Montpellier,Monaco,0,0,D,0,0,D,16,13,4,6,15,10,10,6,5,1,0,0,3.5,3.25,2.2,3.4,3.3,2.2,3.45,3.15,2.1,3.4,3.2,2.2,3.54,3.4,2.23,3.4,3.2,2.2,3.5,3.3,2.2,36,3.7,3.43,3.4,3.28,2.27,2.18,34,2.22,2.13,1.77,1.71,18,0.25,2.01,1.98,1.92,1.88,2.74,3.17,2.9
F1,13/01/18,Nice,Amiens,1,0,H,0,0,D,20,9,7,3,10,13,7,1,1,0,0,0,1.6,3.6,6.5,1.6,3.75,6.25,1.75,3.4,4.7,1.6,3.75,6,1.63,3.97,6.21,1.62,3.6,6,1.6,3.9,6.25,36,1.75,1.61,4.03,3.77,6.5,5.89,34,2.11,2.04,1.83,1.78,19,-1,2.18,2.11,1.81,1.76,1.56,4.05,7.29
F1,13/01/18,Rennes,Marseille,0,3,A,0,2,A,13,18,3,5,8,18,3,2,1,2,0,0,4,3.29,2,4.1,3.4,1.95,3.3,3.1,2.2,4,3.4,1.91,4.32,3.52,1.96,4,3.25,2,4.3,3.4,1.95,36,4.4,3.99,3.57,3.38,2.2,1.97,35,2.1,2.01,1.89,1.8,18,0.5,1.96,1.91,2,1.95,3.98,3.5,2.05
F1,13/01/18,Troyes,Bordeaux,0,1,A,0,1,A,8,10,3,4,15,13,2,2,4,0,0,0,3.25,3.1,2.37,3.2,3.25,2.35,2.7,3.1,2.6,3.25,3.1,2.3,3.45,3.23,2.35,3.1,3.1,2.4,3.3,3.2,2.38,36,3.45,3.23,3.28,3.16,2.6,2.34,32,2.32,2.24,1.7,1.64,18,0.25,1.93,1.88,2.02,1.98,2.97,3.1,2.73
F1,14/01/18,Lyon,Angers,1,1,D,0,1,A,19,9,7,2,11,18,12,1,2,4,0,1,1.44,4.5,7.5,1.45,4.5,7,1.45,4,7,1.44,4.33,6.5,1.48,4.74,7.18,1.44,4.5,7,1.45,4.6,7.5,36,1.5,1.45,4.75,4.49,7.7,6.79,30,1.7,1.65,2.28,2.2,18,-1,1.8,1.74,2.21,2.14,1.43,4.76,8.68
F1,14/01/18,Nantes,Paris SG,0,1,A,0,1,A,13,20,3,3,17,11,2,5,3,2,1,0,12,6,1.25,12.5,6.5,1.22,10,6,1.25,13,5.75,1.25,12.56,6.18,1.28,11,6,1.25,13,6,1.25,36,13,11.39,6.5,5.89,1.29,1.25,29,1.62,1.55,2.5,2.39,17,1.5,2.18,2.11,1.81,1.76,10.15,5.92,1.32
F1,14/01/18,St Etienne,Toulouse,2,0,H,1,0,H,11,19,5,8,14,22,4,10,1,3,0,0,2.1,3,4,2.2,3.2,3.5,2.2,3.1,3.3,2.15,3.1,3.5,2.25,3.17,3.76,2.3,3.1,3.3,2.2,3.2,3.7,36,2.35,2.2,3.27,3.11,4,3.55,31,2.4,2.32,1.65,1.6,17,-0.25,1.9,1.86,2.05,2,2.15,3.34,3.83
F1,16/01/18,Bordeaux,Caen,0,2,A,0,0,D,13,10,5,3,13,12,7,2,3,5,1,0,1.8,3.39,5,1.83,3.4,4.75,1.85,3.3,4.3,1.85,3.3,4.5,1.86,3.46,5.01,1.83,3.3,4.5,1.87,3.4,4.75,35,1.91,1.84,3.52,3.39,5.11,4.61,34,2.26,2.17,1.76,1.69,19,-0.5,1.88,1.85,2.08,2.03,1.75,3.63,5.62
F1,16/01/18,Marseille,Strasbourg,2,0,H,0,0,D,15,4,7,2,6,15,7,4,2,3,0,0,1.28,5.5,11,1.26,6,11,1.3,5,9,1.28,5.5,10,1.28,6.33,11.53,1.3,5.5,9,1.29,6,11,34,1.32,1.28,6.33,5.83,11.53,10.06,29,1.5,1.43,2.97,2.75,19,-1.75,2.05,2.01,1.88,1.85,1.34,5.56,10.15
F1,16/01/18,Monaco,Nice,2,2,D,1,0,H,6,9,3,5,10,12,6,3,4,4,0,0,1.7,3.79,5,1.72,3.9,4.75,1.7,3.5,4.85,1.72,3.8,4.5,1.75,3.86,5.13,1.67,4,4.75,1.73,3.9,4.8,35,1.78,1.72,4.06,3.84,5.2,4.74,34,1.75,1.68,2.25,2.17,18,-0.75,1.97,1.93,1.97,1.93,1.76,3.86,5.01
F1,17/01/18,Amiens,Montpellier,1,1,D,0,1,A,13,16,3,5,10,6,2,3,2,1,0,0,3.75,3,2.25,3.6,2.95,2.3,3,3.05,2.4,3.5,2.9,2.3,3.79,3.01,2.33,3.4,3,2.3,3.7,3,2.3,34,3.79,3.57,3.07,2.96,2.4,2.29,30,2.89,2.71,1.5,1.45,17,0.25,1.99,1.92,1.99,1.94,3.76,3.06,2.32
F1,17/01/18,Angers,Troyes,3,1,H,1,0,H,12,8,5,2,15,17,8,2,0,5,0,0,1.8,3.5,4.75,1.83,3.3,5,1.8,3.3,4.6,1.8,3.4,4.75,1.85,3.51,5.02,1.75,3.5,5,1.8,3.5,5,34,1.88,1.81,3.63,3.44,5.03,4.73,33,2.25,2.15,1.77,1.69,17,-0.75,2.12,2.07,1.85,1.81,1.91,3.32,4.99
F1,17/01/18,Guingamp,Lyon,0,2,A,0,1,A,8,21,3,13,20,16,3,11,2,2,0,0,3.39,3.29,2.2,3.3,3.4,2.2,3.3,3.1,2.2,3.2,3.4,2.2,3.4,3.51,2.27,3.2,3.3,2.25,3.3,3.4,2.25,34,3.4,3.24,3.51,3.39,2.3,2.22,34,1.86,1.81,2.06,2,17,0.25,1.98,1.94,1.95,1.92,3.68,3.67,2.08
F1,17/01/18,Lille,Rennes,1,2,A,1,0,H,11,22,3,12,15,4,2,9,1,0,0,0,2.14,3.29,3.6,2.1,3.25,3.8,2.2,3.1,3.3,2.1,3.1,3.7,2.12,3.25,4.07,2.2,3.1,3.5,2.1,3.2,3.9,34,2.2,2.12,3.34,3.19,4.16,3.73,30,2.5,2.32,1.67,1.6,18,-0.25,1.85,1.82,2.11,2.06,2.37,3.26,3.37
F1,17/01/18,Metz,St Etienne,3,0,H,2,0,H,19,7,12,4,14,11,6,3,1,4,0,1,2.5,3.2,3,2.55,3.1,3,2.6,3.2,2.6,2.45,3.1,2.9,2.55,3.29,3.03,2.5,3.2,2.88,2.5,3.25,3,34,2.62,2.51,3.33,3.2,3.03,2.92,33,2.17,2.11,1.79,1.72,17,-0.25,2.24,2.14,1.82,1.75,2.51,3.43,2.98
F1,17/01/18,Paris SG,Dijon,8,0,H,4,0,H,23,6,14,1,8,16,9,4,0,1,0,0,1.07,13,25,1.07,12,29,1.1,8,20,1.08,12,29,1.08,14.4,26.5,1.07,12,23,1.06,13,31,34,1.11,1.08,14.6,12.2,38.05,24.98,27,1.23,1.2,4.8,4.42,16,-2.75,1.84,1.8,2.12,2.06,1.05,20,46
F1,17/01/18,Toulouse,Nantes,1,1,D,0,1,A,15,11,3,2,17,16,3,2,2,4,0,0,2.6,3,3,2.7,3,2.85,2.6,3,2.8,2.65,2.9,2.87,2.82,2.96,3.01,2.62,3,2.9,2.7,3,3,34,2.86,2.68,3.08,2.96,3.01,2.9,30,2.76,2.57,1.55,1.5,16,0,1.9,1.86,2.06,2,2.78,3.03,2.98
F1,19/01/18,Caen,Marseille,0,2,A,0,0,D,5,12,2,4,18,15,1,4,2,3,0,0,4.75,3.6,1.75,4.75,3.6,1.78,4.1,3.4,1.85,4.5,3.6,1.8,4.91,3.68,1.82,4.5,3.5,1.8,4.75,3.6,1.8,36,4.91,4.51,3.68,3.51,1.91,1.82,35,2,1.92,2,1.89,19,0.5,2.11,2.05,1.87,1.82,5.02,3.63,1.82
F1,20/01/18,Amiens,Guingamp,3,1,H,1,1,D,13,6,6,1,9,11,7,3,0,2,0,0,3.1,3.1,2.45,3.1,3.1,2.45,2.9,3.15,2.4,3,3,2.5,3.08,3.13,2.63,3,3.1,2.5,3.1,3.1,2.55,36,3.2,3.03,3.22,3.08,2.63,2.5,31,2.55,2.4,1.62,1.56,17,0,2.19,2.12,1.81,1.76,2.75,3.18,2.88
F1,20/01/18,Montpellier,Toulouse,2,1,H,1,1,D,22,9,5,3,18,13,5,4,1,4,0,1,1.72,3.39,5.75,1.75,3.4,5.5,1.8,3.3,4.5,1.75,3.3,5.2,1.81,3.44,5.53,1.8,3.3,5,1.8,3.4,5.4,36,1.82,1.77,3.52,3.37,5.75,5.16,31,2.57,2.43,1.6,1.55,17,-0.75,2.08,2.04,1.86,1.83,1.86,3.34,5.31
F1,20/01/18,Nantes,Bordeaux,0,1,A,0,1,A,14,9,4,3,19,11,3,5,1,2,0,0,1.9,3.29,4.5,1.91,3.2,4.6,2.1,3.15,3.45,1.95,3.1,4.33,1.98,3.24,4.73,1.95,3.1,4.5,1.93,3.25,4.75,36,2.1,1.94,3.37,3.22,4.75,4.37,31,2.57,2.43,1.6,1.54,18,-0.5,1.99,1.94,1.96,1.93,2.36,2.99,3.74
F1,20/01/18,Rennes,Angers,1,0,H,0,0,D,9,9,2,3,13,17,5,4,3,5,0,1,2.1,3.1,3.89,2.1,3.25,3.8,2.1,3.15,3.45,2.1,3.1,3.7,2.17,3.28,3.86,2.15,3.2,3.6,2.1,3.25,3.9,36,2.21,2.13,3.35,3.19,3.98,3.66,31,2.55,2.31,1.67,1.6,18,-0.25,1.85,1.81,2.12,2.06,2.11,3.42,3.86
F1,20/01/18,Strasbourg,Dijon,3,2,H,2,2,D,16,12,9,5,17,22,5,1,1,1,0,0,2,3.29,4,2,3.4,3.9,2.2,3.1,3.3,1.95,3.4,3.8,2.02,3.5,4.09,2,3.25,4,2,3.5,4,35,2.2,1.99,3.59,3.42,4.35,3.84,34,2,1.93,1.95,1.87,17,-0.5,2.02,1.98,1.92,1.88,2.22,3.46,3.5
F1,20/01/18,Troyes,Lille,1,0,H,1,0,H,7,9,2,1,13,10,5,6,0,2,0,0,2.7,3,2.89,2.75,3,2.8,2.6,3,2.8,2.65,3,2.8,2.7,3.19,2.93,2.7,3,2.8,2.7,3.1,2.9,36,2.75,2.66,3.19,3.05,2.93,2.84,31,2.5,2.41,1.61,1.55,17,0,1.89,1.86,2.05,2,2.7,3.13,2.97
F1,21/01/18,Lyon,Paris SG,2,1,H,1,1,D,11,11,6,3,16,11,3,7,2,3,0,1,7.5,5,1.39,6.75,4.75,1.45,7.5,4.6,1.37,6.5,4.8,1.44,7.09,5.26,1.44,7.5,4.8,1.4,7,5.2,1.4,36,7.5,6.58,5.31,5,1.46,1.42,28,1.37,1.33,3.6,3.25,18,1.5,1.8,1.77,2.17,2.1,5.87,4.25,1.61
F1,21/01/18,Monaco,Metz,3,1,H,1,0,H,13,3,6,2,11,15,6,3,1,1,0,1,1.33,5.25,8.5,1.3,5.75,9.5,1.37,4.6,7.5,1.33,5.2,9,1.31,6.25,10.02,1.3,5.5,9,1.33,5.5,9,35,1.37,1.32,6.25,5.5,10.02,8.56,28,1.5,1.43,3,2.76,19,-1.5,2,1.93,2,1.94,1.34,5.61,9.8
F1,21/01/18,Nice,St Etienne,1,0,H,1,0,H,7,9,2,2,15,23,4,4,3,1,0,0,1.57,3.79,6.5,1.62,3.8,5.75,1.7,3.5,4.85,1.6,3.9,5.75,1.6,3.97,6.68,1.57,3.8,6,1.57,4.1,6.25,36,1.7,1.59,4.1,3.89,6.68,5.9,35,1.91,1.85,2.03,1.95,20,-1,2.07,2.02,1.87,1.84,1.81,3.62,5.1
F1,26/01/18,Dijon,Rennes,2,1,H,1,1,D,14,13,4,4,10,17,3,5,3,2,0,0,2.54,3.39,2.75,2.65,3.3,2.7,2.6,3.1,2.7,2.55,3.3,2.65,2.66,3.41,2.81,2.6,3.3,2.7,2.63,3.4,2.75,36,2.72,2.6,3.46,3.33,2.84,2.71,35,1.95,1.85,2.04,1.96,19,-0.25,2.33,2.25,1.71,1.68,2.79,3.47,2.64
F1,27/01/18,Angers,Amiens,1,0,H,1,0,H,16,3,7,0,14,19,5,4,1,3,0,0,1.85,3.29,4.75,1.9,3.2,4.75,1.9,3.3,4,1.87,3.2,4.4,1.92,3.37,4.86,1.91,3.2,4.5,1.87,3.3,5,36,1.96,1.89,3.37,3.26,5,4.52,32,2.4,2.32,1.65,1.6,17,-0.75,2.28,2.18,1.75,1.72,1.93,3.29,4.94
F1,27/01/18,Guingamp,Nantes,0,3,A,0,0,D,6,13,0,5,9,17,3,9,2,3,0,0,2.39,3.1,3.25,2.45,3.1,3.1,2.4,3.15,2.9,2.37,3,3.2,2.38,3.14,3.49,2.4,3,3.2,2.45,3.1,3.25,36,2.5,2.39,3.2,3.05,3.49,3.22,32,2.6,2.46,1.59,1.53,19,-0.25,2.09,2.04,1.88,1.83,2.77,3.11,2.92
F1,27/01/18,Metz,Nice,2,1,H,0,0,D,15,13,5,5,26,19,4,2,4,5,0,1,3.39,3.25,2.25,3.3,3.4,2.2,2.8,3.1,2.5,3.25,3.25,2.25,3.42,3.34,2.31,3.3,3.2,2.25,3.3,3.3,2.3,36,3.6,3.28,3.41,3.26,2.5,2.25,35,2.1,2.02,1.85,1.79,18,0.25,1.95,1.91,2,1.95,2.98,3.27,2.61
F1,27/01/18,Paris SG,Montpellier,4,0,H,2,0,H,11,16,7,3,16,11,2,10,1,2,0,0,1.14,8.5,17,1.14,8.75,18.5,1.15,7,15,1.15,7.5,19,1.16,8.65,22,1.17,7,17,1.13,9,20,36,1.18,1.15,9.17,7.94,22,17.59,31,1.47,1.41,3.05,2.83,19,-2,1.79,1.74,2.28,2.13,1.13,9.9,27.5
F1,27/01/18,St Etienne,Caen,2,1,H,1,1,D,12,14,4,3,12,17,3,8,2,1,0,0,2.04,3.29,3.79,2.05,3.4,3.8,2,3.2,3.75,2.05,3.1,3.9,2.06,3.25,4.33,2.1,3.1,3.8,2.05,3.25,4.1,36,2.12,2.05,3.4,3.19,4.33,3.92,32,2.45,2.32,1.65,1.59,17,-0.5,2.08,2.04,1.86,1.83,2.03,3.41,4.18
F1,27/01/18,Toulouse,Troyes,1,0,H,1,0,H,20,1,7,0,11,15,6,2,1,4,0,1,2,3.2,4.2,2,3.25,4.2,2,3.2,3.75,2.05,3.1,3.9,2.08,3.31,4.13,2,3.1,4.2,2,3.25,4.3,35,2.11,2.01,3.38,3.22,4.5,4.02,31,2.38,2.3,1.65,1.6,17,-0.5,2.08,2.02,1.89,1.85,2.02,3.36,4.33
F1,28/01/18,Bordeaux,Lyon,3,1,H,3,1,H,9,9,4,4,17,12,2,1,3,3,1,0,3.6,3.5,2.04,3.6,3.5,2.05,3.5,3.2,2.1,3.3,3.4,2.1,3.55,3.56,2.16,3.25,3.5,2.15,3.5,3.5,2.15,35,3.68,3.42,3.6,3.44,2.19,2.11,34,1.88,1.82,2.06,1.99,18,0.25,2.08,2.04,1.86,1.83,3.57,3.46,2.19
F1,28/01/18,Lille,Strasbourg,2,1,H,0,0,D,8,11,5,2,5,11,6,2,1,1,0,0,2.14,3.29,3.5,2.15,3.3,3.6,2,3.2,3.75,2.15,3.2,3.5,2.16,3.32,3.85,2.15,3.1,3.6,2.15,3.3,3.75,35,2.2,2.13,3.39,3.24,3.85,3.58,33,2.25,2.15,1.75,1.69,18,-0.25,1.85,1.82,2.09,2.05,2.24,3.29,3.64
F1,28/01/18,Marseille,Monaco,2,2,D,1,1,D,17,9,6,3,20,15,5,7,3,2,0,0,1.95,3.6,3.79,1.9,3.6,4.1,2.1,3.4,3.3,1.91,3.6,3.7,1.96,3.73,4.05,1.91,3.5,4,1.93,3.75,3.9,36,2.1,1.93,3.78,3.61,4.1,3.79,31,1.73,1.67,2.28,2.17,17,-0.5,1.96,1.93,1.97,1.94,1.96,3.71,4.06
F1,02/02/18,Marseille,Metz,6,3,H,3,0,H,18,18,10,8,9,17,3,5,1,0,0,0,1.25,6,12,1.26,6,11,1.3,5,9,1.25,5.8,12,1.27,6.45,12,1.25,6,11,1.25,6.25,13,38,1.3,1.26,6.7,6.04,13,10.93,33,1.48,1.43,2.9,2.75,20,-2,2.28,2.2,1.73,1.69,1.28,6.3,11.6
F1,03/02/18,Amiens,St Etienne,0,2,A,0,0,D,8,16,0,8,10,16,3,4,2,1,0,0,2.5,3.1,3.1,2.5,3.1,3.1,2.5,3.1,2.8,2.5,3,3,2.57,3.12,3.19,2.6,3,2.9,2.55,3.1,3.1,38,2.6,2.51,3.25,3.06,3.19,3.03,34,2.53,2.43,1.6,1.54,17,-0.25,2.2,2.13,1.79,1.75,2.96,3.08,2.75
F1,03/02/18,Lille,Paris SG,0,3,A,0,1,A,10,19,3,9,11,4,3,9,1,1,0,0,17,7.5,1.16,19.5,8,1.15,13,5.8,1.2,13,7,1.17,19.09,8.14,1.18,17,7,1.2,19,7.5,1.17,38,21,16.31,8.5,7.35,1.2,1.17,33,1.51,1.46,2.82,2.64,19,2,2.05,2,1.89,1.85,22.5,8.7,1.15
F1,03/02/18,Montpellier,Angers,2,1,H,1,1,D,8,8,3,2,10,10,5,1,0,2,0,0,2,3.1,4.33,1.95,3.2,4.5,1.9,3.2,4.2,2,3.1,4.2,2,3.26,4.5,2,3.1,4.2,2,3.13,4.5,38,2.09,1.97,3.39,3.16,4.6,4.28,33,2.66,2.55,1.55,1.5,16,-0.5,2.02,1.98,1.92,1.88,2.08,3.16,4.38
F1,03/02/18,Nice,Toulouse,0,1,A,0,0,D,14,6,2,1,14,13,11,1,2,2,0,0,1.95,3.39,4.2,1.85,3.5,4.5,1.7,3.5,4.85,1.91,3.4,4,1.93,3.61,4.33,1.91,3.3,4.33,1.91,3.5,4.33,38,2,1.9,3.64,3.45,4.85,4.21,36,2.13,2.03,1.83,1.78,17,-0.75,2.25,2.19,1.76,1.71,1.83,3.5,5.16
F1,03/02/18,Strasbourg,Bordeaux,0,2,A,0,1,A,9,7,0,4,13,15,7,2,1,4,0,0,3.2,3,2.5,3.1,3.1,2.45,2.65,3.1,2.65,3.1,3,2.4,3.32,3.2,2.43,3,3.3,2.5,3.3,3.1,2.4,37,3.32,3.11,3.31,3.13,2.65,2.42,33,2.37,2.27,1.67,1.61,18,0.25,1.86,1.82,2.11,2.05,3.26,3.19,2.47
F1,04/02/18,Caen,Nantes,3,2,H,1,1,D,16,14,7,4,11,9,6,4,1,2,0,0,2.79,2.89,2.87,2.75,3,2.8,2.65,3.1,2.65,2.75,2.9,2.8,2.81,3.07,2.91,2.7,3.1,2.7,2.8,3,2.88,38,2.92,2.76,3.2,3,2.91,2.77,34,2.73,2.61,1.53,1.48,17,0,1.96,1.92,2,1.94,3.05,3.01,2.74
F1,04/02/18,Monaco,Lyon,3,2,H,2,2,D,12,13,7,4,18,15,3,7,3,3,1,0,2.29,3.5,3,2.3,3.5,3,2.5,3.3,2.75,2.3,3.6,2.87,2.34,3.65,3.09,2.3,3.4,3,2.3,3.6,3,38,2.5,2.32,3.72,3.5,3.11,2.94,34,1.62,1.58,1.6,1.54,19,-0.25,2.05,2,2.49,2.35,2.51,3.63,2.85
F1,04/02/18,Rennes,Guingamp,0,1,A,0,0,D,13,11,5,4,20,12,4,4,2,4,0,0,2,3.29,4,1.95,3.5,4,1.9,3.3,4,1.95,3.3,3.9,2.04,3.4,4.15,2,3.2,4,2,3.4,4.1,38,2.07,1.98,3.6,3.36,4.2,3.95,36,2.17,2.08,1.82,1.74,17,-0.5,2.04,1.97,1.93,1.89,1.79,3.53,5.4
F1,09/02/18,St Etienne,Marseille,2,2,D,1,2,A,7,12,3,4,12,12,2,7,0,0,0,0,4.33,3.6,1.85,4,3.6,1.85,3.9,3.35,1.9,4,3.6,1.85,4.33,3.75,1.89,4,3.75,1.85,4.3,3.75,1.85,39,4.4,4.09,3.85,3.65,1.94,1.86,36,1.81,1.76,2.15,2.05,20,0.5,2.06,2,1.89,1.86,3.89,3.5,2.07
F1,10/02/18,Angers,Monaco,0,4,A,0,2,A,11,10,1,6,11,6,4,3,1,0,0,0,3.2,3.29,2.29,3,3.3,2.3,3.1,3.1,2.3,3,3.25,2.35,3.23,3.25,2.45,3.2,3.2,2.3,3.13,3.3,2.4,39,3.25,3.11,3.36,3.21,2.48,2.36,36,2.13,2.04,1.85,1.77,19,0.25,1.85,1.83,2.08,2.03,3.13,3.29,2.49
F1,10/02/18,Bordeaux,Amiens,3,2,H,2,0,H,14,19,4,6,11,13,7,11,0,1,0,0,1.5,4,7.5,1.5,3.8,7,1.6,3.6,5.6,1.44,4,8,1.5,4.15,8.52,1.5,4,7,1.44,4.2,9,39,1.6,1.47,4.52,4.07,9,7.6,36,2.23,2.13,1.76,1.7,21,-1,1.83,1.8,2.13,2.07,1.51,4.02,8.67
F1,10/02/18,Dijon,Nice,3,2,H,0,0,D,11,14,3,5,14,14,4,8,2,3,0,0,2.7,3.29,2.62,2.7,3.2,2.6,2.6,3.2,2.6,2.7,3.25,2.6,2.82,3.44,2.63,2.62,3.4,2.62,2.75,3.4,2.63,39,2.82,2.71,3.51,3.3,2.78,2.61,37,2.01,1.92,1.94,1.87,18,0,2.04,1.96,1.94,1.89,2.87,3.29,2.69
F1,10/02/18,Guingamp,Caen,0,0,D,0,0,D,6,12,1,2,12,17,1,7,1,2,0,0,2.1,3.29,3.75,2.1,3.2,3.6,2.2,3.1,3.3,2.1,3.1,3.7,2.11,3.31,4.01,2.15,3.2,3.6,2.1,3.25,3.9,39,2.22,2.11,3.4,3.21,4.01,3.71,34,2.44,2.35,1.65,1.58,19,-0.25,1.84,1.79,2.13,2.08,2.13,3.31,3.95
F1,10/02/18,Metz,Montpellier,0,1,A,0,1,A,12,16,5,8,15,11,11,6,2,1,0,0,3.29,3.1,2.37,3.2,3.1,2.3,2.8,3.1,2.5,3.25,3.1,2.35,3.36,3.3,2.36,3.25,3.1,2.3,3.3,3.13,2.38,39,3.38,3.22,3.36,3.14,2.5,2.34,35,2.48,2.35,1.65,1.58,19,0.25,1.88,1.85,2.05,2,3.47,3.27,2.32
F1,10/02/18,Toulouse,Paris SG,0,1,A,0,0,D,3,21,1,6,20,13,0,10,4,2,0,0,17,7,1.18,15.5,6.75,1.17,10.3,5.5,1.25,13,6.5,1.2,16.96,7.42,1.2,17,6.5,1.18,15,7,1.2,39,17,14.68,7.65,6.75,1.25,1.19,35,1.55,1.5,2.62,2.54,20,2,1.9,1.87,2.04,1.98,20,8,1.18
F1,11/02/18,Lyon,Rennes,0,2,A,0,1,A,19,6,6,3,16,8,10,1,2,1,0,0,1.5,4.33,6.5,1.48,4.25,6.25,1.45,4,7,1.5,4.33,6,1.56,4.49,6.27,1.5,4.4,6,1.5,4.4,7,39,1.56,1.51,4.74,4.34,7,6.11,34,1.62,1.55,2.51,2.4,20,-1,1.88,1.81,2.12,2.04,1.44,4.86,8.05
F1,11/02/18,Nantes,Lille,2,2,D,1,0,H,20,7,6,4,9,11,5,7,0,1,0,0,1.85,3.39,4.75,1.85,3.1,4.75,1.9,3.3,4,1.83,3.25,4.75,1.85,3.43,5.18,1.85,3.2,4.8,1.85,3.4,5,39,1.92,1.84,3.57,3.32,5.18,4.7,34,2.62,2.49,1.6,1.52,18,-0.75,2.15,2.11,1.8,1.76,1.93,3.33,4.85
F1,11/02/18,Strasbourg,Troyes,2,1,H,0,0,D,12,12,2,4,9,14,4,6,2,2,0,0,1.95,3.39,4.2,1.95,3.25,4,1.9,3.3,4,1.91,3.3,4,1.93,3.54,4.47,1.95,3.4,4,1.93,3.5,4.3,38,2.01,1.93,3.58,3.39,4.5,4.13,35,2.18,2.08,1.82,1.74,18,-0.5,1.97,1.93,1.99,1.93,1.87,3.47,4.95
F1,16/02/18,Monaco,Dijon,4,0,H,1,0,H,14,7,5,4,11,13,5,5,2,1,0,0,1.28,5.75,10,1.3,5.75,9,1.35,4.7,8,1.28,5.5,10,1.33,5.8,10,1.3,5,10,1.29,5.75,11,35,1.35,1.3,6.36,5.64,11,9.32,30,1.47,1.42,3,2.79,17,-1.5,1.84,1.8,2.14,2.05,1.34,5.64,10.08
F1,17/02/18,Amiens,Toulouse,0,0,D,0,0,D,6,12,1,5,11,15,2,6,1,0,1,0,2.7,3,2.87,2.65,3,2.95,2.5,3.1,2.8,2.65,3,2.8,2.71,3.12,2.98,2.7,2.9,2.9,2.7,3.1,2.9,38,2.77,2.66,3.23,3.04,2.98,2.86,34,2.57,2.45,1.6,1.54,17,0,1.9,1.86,2.06,2,2.67,3.04,3.16
F1,17/02/18,Angers,St Etienne,0,1,A,0,0,D,19,10,4,3,14,14,10,5,1,2,0,0,2.5,3.2,3,2.5,3.1,3.1,2.5,3.1,2.8,2.45,3,3,2.56,3.08,3.22,2.5,3,3.1,2.5,3.13,3.13,38,2.6,2.47,3.23,3.07,3.3,3.08,35,2.43,2.32,1.65,1.59,19,-0.25,2.15,2.11,1.8,1.77,2.73,3.09,2.98
F1,17/02/18,Caen,Rennes,2,2,D,1,2,A,18,11,6,5,4,8,12,11,2,0,0,0,2.45,3.1,3.1,2.5,3,3.2,2.5,3.1,2.8,2.4,3.1,3.1,2.49,3.21,3.21,2.6,3,2.9,2.45,3.2,3.1,38,2.6,2.47,3.29,3.13,3.21,3.02,34,2.34,2.23,1.7,1.64,17,-0.25,2.2,2.09,1.83,1.77,2.63,3.17,3.03
F1,17/02/18,Montpellier,Guingamp,1,1,D,0,1,A,19,4,5,1,8,15,4,2,1,1,0,0,1.8,3.39,5,1.75,3.5,5.25,1.8,3.3,4.5,1.75,3.4,5,1.74,3.69,5.64,1.8,3.3,5,1.75,3.5,5.25,38,1.83,1.76,3.69,3.47,5.64,5.01,34,2.35,2.25,1.71,1.63,18,-0.75,2.05,1.99,1.92,1.86,1.72,3.66,5.85
F1,17/02/18,Paris SG,Strasbourg,5,2,H,3,1,H,20,12,11,2,9,15,4,6,2,3,0,0,1.08,11,34,1.06,13.5,34,1.1,8,20,1.06,15,46,1.07,15.5,33,1.06,12,29,1.06,13,34,37,1.1,1.06,17,12.67,46,30.76,28,1.2,1.17,5.5,4.76,19,-3,1.85,1.81,2.11,2.04,1.05,17,52.77
F1,17/02/18,Troyes,Metz,1,0,H,0,0,D,18,10,9,4,9,9,10,4,1,2,0,0,2.2,3.2,3.5,2.25,3.2,3.4,2.2,3.1,3.3,2.25,3.2,3.3,2.25,3.44,3.46,2.25,3.1,3.4,2.2,3.3,3.5,37,2.32,2.22,3.56,3.28,3.5,3.35,35,2.18,2.09,1.8,1.73,18,-0.25,1.94,1.9,2,1.95,2.6,3.29,2.98
F1,18/02/18,Lille,Lyon,2,2,D,0,2,A,14,13,5,5,12,9,7,3,0,4,0,0,4,3.5,1.95,4.1,3.6,1.9,3.7,3.3,2,4.2,3.5,1.85,4.39,3.78,1.89,4.2,3.4,1.91,4.33,3.6,1.87,37,4.39,4.11,3.78,3.54,2,1.88,36,1.93,1.84,2.05,1.95,17,0.5,2.03,1.98,1.92,1.88,4.35,3.7,1.9
F1,18/02/18,Marseille,Bordeaux,1,0,H,1,0,H,12,5,8,1,11,12,7,4,2,2,0,0,1.61,4,5.5,1.62,4.1,5.25,1.7,3.5,4.85,1.61,3.9,5.2,1.62,4.12,6.06,1.62,3.8,5.5,1.62,4,5.75,37,1.7,1.63,4.2,3.94,6.06,5.25,33,1.76,1.7,2.22,2.12,18,-1,2.16,2.09,1.83,1.77,1.6,4.13,6.33
F1,18/02/18,Nice,Nantes,1,1,D,1,1,D,12,9,4,3,13,9,14,4,2,0,0,0,2.25,3.1,3.5,2.25,3.1,3.5,2.2,3.1,3.3,2.3,3.1,3.3,2.32,3.23,3.52,2.25,3.1,3.4,2.25,3.2,3.5,37,2.39,2.26,3.36,3.15,3.6,3.39,33,2.48,2.37,1.63,1.56,17,-0.25,1.98,1.93,1.98,1.92,2.14,3.34,3.86
F1,20/02/18,Troyes,Dijon,0,0,D,0,0,D,9,7,3,1,15,12,8,6,2,1,0,0,2.39,3.29,3,2.55,3.25,2.85,2.5,3.1,2.8,2.45,3.2,2.87,2.52,3.27,3.1,2.45,3.3,2.88,2.5,3.3,3,39,2.6,2.48,3.37,3.25,3.1,2.92,37,2.11,2,1.87,1.81,20,-0.25,2.2,2.12,1.81,1.76,2.65,3.21,2.97
F1,23/02/18,Strasbourg,Montpellier,0,0,D,0,0,D,11,8,3,2,17,11,4,3,2,3,0,0,3.2,3,2.39,3.25,3.1,2.4,2.65,3.1,2.65,3.2,3.1,2.35,3.33,3.13,2.47,3.1,3.1,2.4,3.3,3.13,2.4,38,3.35,3.15,3.27,3.09,2.65,2.43,34,2.48,2.35,1.62,1.57,18,0.25,1.87,1.82,2.1,2.04,3.16,3.13,2.57
F1,24/02/18,Dijon,Caen,2,0,H,1,0,H,13,13,3,2,6,16,5,8,1,4,0,0,2.2,3.29,3.39,2.25,3.3,3.3,2.2,3.1,3.3,2.25,3.25,3.2,2.35,3.29,3.39,2.25,3.3,3.2,2.3,3.3,3.3,39,2.37,2.27,3.47,3.27,3.4,3.24,37,2.1,2.02,1.85,1.79,19,-0.25,2.02,1.96,1.94,1.89,2.43,3.23,3.29
F1,24/02/18,Guingamp,Metz,2,2,D,1,1,D,17,5,8,2,15,16,5,5,3,4,0,0,2,3.5,3.79,2,3.3,4,1.85,3.4,4.1,2.1,3.25,3.6,2.1,3.43,3.88,2.05,3.3,3.6,2.1,3.4,3.8,39,2.18,2.05,3.55,3.35,4.1,3.71,37,2.11,2.04,1.85,1.77,19,-0.5,2.12,2.07,1.84,1.8,1.99,3.48,4.25
F1,24/02/18,Lille,Angers,1,2,A,0,0,D,14,14,3,9,12,11,4,5,0,2,0,0,2.2,3.2,3.5,2.3,3,3.5,2.1,3.15,3.45,2.3,3,3.3,2.4,3.09,3.51,2.3,3.1,3.3,2.38,3.1,3.4,39,2.43,2.3,3.26,3.08,3.59,3.36,35,2.59,2.43,1.63,1.54,19,-0.25,2.03,1.98,1.93,1.88,2.5,3.08,3.33
F1,24/02/18,Nantes,Amiens,0,1,A,0,1,A,27,8,4,1,10,16,8,6,2,2,0,0,1.66,3.6,5.75,1.65,3.75,5.75,1.75,3.4,4.65,1.67,3.5,5.8,1.68,3.71,6.31,1.67,3.6,5.5,1.65,3.6,6.5,39,1.75,1.66,3.79,3.61,6.5,5.72,34,2.38,2.27,1.68,1.62,20,-1,2.31,2.22,1.72,1.68,1.61,3.7,7.52
F1,24/02/18,Rennes,Troyes,2,0,H,0,0,D,11,8,6,0,9,11,5,5,3,1,0,1,1.72,3.6,5.25,1.67,3.8,5.25,1.65,3.5,5.3,1.7,3.6,5.2,1.72,3.69,5.77,1.73,3.6,5,1.7,3.75,5.5,39,1.78,1.69,3.85,3.64,5.77,5.24,37,2.12,2.02,1.85,1.79,19,-1,2.3,2.24,1.72,1.67,1.67,3.81,6.14
F1,24/02/18,Toulouse,Monaco,3,3,D,1,1,D,9,9,6,5,13,15,6,6,1,3,0,0,4.33,3.5,1.85,4.25,3.6,1.87,4.1,3.4,1.85,4.2,3.4,1.87,4.56,3.6,1.89,4,3.5,1.91,4.4,3.5,1.9,39,4.56,4.16,3.71,3.52,1.98,1.88,37,2.09,1.99,1.9,1.81,19,0.5,2.03,1.97,1.93,1.88,5.04,3.57,1.83
F1,25/02/18,Bordeaux,Nice,0,0,D,0,0,D,23,3,6,0,17,17,6,0,2,2,0,0,2.1,3.29,3.7,2.1,3.3,3.7,1.9,3.3,4,2.1,3.2,3.7,2.12,3.26,4.07,2.1,3.2,3.75,2.1,3.3,3.8,39,2.19,2.08,3.4,3.23,4.07,3.73,34,2.28,2.16,1.74,1.68,17,-0.5,2.12,2.07,1.83,1.78,1.96,3.28,4.74
F1,25/02/18,Lyon,St Etienne,1,1,D,1,0,H,9,8,5,2,9,23,3,7,1,3,0,0,1.44,4.5,7,1.45,4.75,6.75,1.6,3.6,5.6,1.5,4.4,6.5,1.51,4.68,6.74,1.5,4.4,6,1.45,4.6,7,39,1.6,1.48,4.95,4.51,7,6.22,34,1.58,1.53,2.7,2.45,19,-1,1.83,1.77,2.15,2.08,1.63,4.06,6.1
F1,25/02/18,Paris SG,Marseille,3,0,H,2,0,H,10,15,3,6,21,18,3,6,6,5,0,0,1.25,6.5,10,1.26,6,11,1.25,5.5,10.3,1.25,6,11,1.26,7.04,10.99,1.22,6.5,11,1.25,6.5,12,38,1.31,1.25,7.23,6.36,12,10.27,31,1.35,1.3,4.05,3.41,18,-2,2.17,2.1,1.79,1.76,1.26,6.91,11.11
F1,02/03/18,Monaco,Bordeaux,2,1,H,1,1,D,18,6,5,1,9,13,7,3,0,1,0,0,1.61,4,5.75,1.62,3.9,5.75,1.65,3.5,5.3,1.61,3.8,5.25,1.67,4.03,5.64,1.67,3.8,5,1.62,4,5.75,35,1.69,1.64,4.14,3.88,6,5.39,34,1.9,1.82,2.07,1.98,18,-1,2.2,2.13,1.78,1.74,1.69,3.81,5.86
F1,02/03/18,Nice,Lille,2,1,H,1,0,H,23,12,10,5,9,12,8,4,3,1,0,0,1.72,3.5,5.5,1.78,3.5,5,1.9,3.3,4,1.73,3.5,5.25,1.72,3.61,5.95,1.7,3.4,5.5,1.7,3.6,5.75,35,1.9,1.72,3.77,3.53,6,5.36,33,2.23,2.16,1.75,1.69,17,-0.75,1.98,1.93,1.97,1.93,1.75,3.59,5.67
F1,03/03/18,Amiens,Rennes,0,2,A,0,1,A,14,18,3,5,19,16,6,3,2,3,0,0,3.25,3.1,2.39,3.2,3.1,2.4,2.7,3.1,2.6,3.2,3,2.4,3.38,3.06,2.48,3.1,3,2.5,3.3,3,2.45,37,3.42,3.18,3.16,3.04,2.6,2.44,33,2.68,2.49,1.6,1.52,18,0.25,1.85,1.81,2.1,2.06,3.55,3.17,2.34
F1,03/03/18,Angers,Guingamp,3,0,H,1,0,H,15,12,6,3,14,8,6,3,1,1,0,0,2.04,3.2,4,2,3.2,4.25,2.2,3.1,3.3,1.95,3.2,4,2.01,3.33,4.37,2,3.2,4,2,3.3,4.2,37,2.2,2.01,3.44,3.24,4.38,4.05,33,2.38,2.28,1.68,1.61,17,-0.5,2.04,2,1.91,1.87,1.96,3.36,4.6
F1,03/03/18,Metz,Toulouse,1,1,D,1,0,H,12,18,1,4,7,14,4,9,0,4,1,0,2.62,3.1,2.87,2.65,3.1,2.85,2.6,3.2,2.6,2.65,3.1,2.7,2.85,3.16,2.81,2.7,3,2.8,2.75,3.13,2.8,37,2.85,2.7,3.27,3.13,2.87,2.75,33,2.22,2.14,1.75,1.69,17,-0.25,2.39,2.29,1.68,1.65,2.65,3.22,2.97
F1,03/03/18,St Etienne,Dijon,2,2,D,1,1,D,13,9,7,5,10,15,8,6,0,4,0,0,1.72,3.6,5.25,1.72,3.5,5.5,1.7,3.5,4.85,1.73,3.6,4.8,1.76,3.73,5.28,1.73,3.5,5,1.75,3.7,5,37,1.8,1.74,3.89,3.64,5.5,4.96,36,2.05,1.98,1.88,1.82,18,-0.75,2.02,1.97,1.92,1.89,1.71,3.9,5.45
F1,03/03/18,Troyes,Paris SG,0,2,A,0,0,D,10,20,2,13,7,6,2,4,3,1,0,0,9.5,5.75,1.28,10.5,5.75,1.28,9,5,1.3,10,5.2,1.3,10.61,5.92,1.31,11,5,1.3,11,5.75,1.29,37,12,10.1,5.92,5.46,1.34,1.3,33,1.62,1.56,2.55,2.4,20,1.5,2.05,1.99,1.91,1.87,10.24,5.71,1.33
F1,04/03/18,Caen,Strasbourg,2,0,H,1,0,H,7,11,4,2,14,12,5,3,4,2,0,0,2.14,3.29,3.6,2.15,3.1,3.75,2.1,3.15,3.5,2.2,3.1,3.5,2.2,3.25,3.8,2.15,3.2,3.5,2.15,3.3,3.7,36,2.28,2.15,3.36,3.22,3.8,3.57,33,2.28,2.2,1.71,1.66,18,-0.25,1.88,1.85,2.07,2.02,2.19,3.28,3.79
F1,04/03/18,Marseille,Nantes,1,1,D,0,1,A,22,9,5,3,7,19,8,4,3,4,0,1,1.53,4,7,1.53,4.1,6.75,1.5,4,6.3,1.53,4,6,1.53,4.39,6.94,1.53,3.75,7,1.53,4.2,6.5,37,1.59,1.53,4.51,4.13,7,6.33,36,1.87,1.81,2.06,1.99,20,-1,1.96,1.91,2,1.94,1.49,4.29,8.36
F1,04/03/18,Montpellier,Lyon,1,1,D,1,0,H,10,19,5,4,15,6,4,4,2,2,0,0,2.89,3.2,2.54,2.95,3.25,2.5,2.8,3.2,2.5,2.87,3.1,2.5,2.93,3.29,2.63,3,3.1,2.5,2.9,3.25,2.6,37,3.01,2.89,3.41,3.21,2.64,2.53,35,2.19,2.08,1.81,1.74,18,0.25,1.75,1.72,2.25,2.18,3.04,3.13,2.65
F1,09/03/18,Strasbourg,Monaco,1,3,A,1,3,A,29,10,5,4,13,14,5,3,0,1,0,0,5.5,3.75,1.66,5.25,4,1.65,4.65,3.4,1.75,5,3.9,1.67,5.54,4.08,1.67,4.6,4,1.67,5.5,4,1.65,36,5.62,5.13,4.15,3.91,1.75,1.66,33,1.78,1.72,2.18,2.11,20,0.75,2.1,2.03,1.88,1.83,5.35,3.87,1.72
F1,10/03/18,Bordeaux,Angers,0,0,D,0,0,D,12,9,2,0,10,6,3,2,0,0,0,0,1.85,3.39,4.75,1.87,3.4,4.5,1.8,3.4,4.35,1.91,3.2,4.33,1.93,3.4,4.72,1.95,3.2,4.33,1.91,3.3,4.6,39,2,1.9,3.5,3.33,4.75,4.4,34,2.39,2.31,1.67,1.6,18,-0.5,1.94,1.9,1.99,1.96,1.88,3.33,5.23
F1,10/03/18,Dijon,Amiens,1,1,D,0,1,A,10,10,3,4,12,13,5,1,3,0,0,0,1.85,3.39,4.75,1.83,3.5,4.6,1.9,3.35,3.9,1.83,3.4,4.5,1.83,3.62,4.99,1.83,3.4,4.5,1.83,3.5,4.75,39,1.91,1.83,3.72,3.48,4.99,4.53,36,2.2,2.13,1.79,1.71,18,-0.75,2.17,2.09,1.84,1.78,2.13,3.34,3.92
F1,10/03/18,Lille,Montpellier,1,1,D,1,0,H,5,13,2,4,17,12,3,6,2,2,0,0,3.1,3,2.54,3,3,2.6,2.65,3.1,2.65,3,3,2.5,3.18,3.05,2.63,3,2.9,2.62,3.1,3,2.6,39,3.18,3,3.2,3.02,2.71,2.57,34,2.67,2.52,1.58,1.51,17,0,2.15,2.09,1.85,1.79,3.23,3.09,2.56
F1,10/03/18,Nantes,Troyes,1,0,H,0,0,D,19,8,3,0,6,6,5,3,0,1,0,0,1.66,3.5,6,1.67,3.6,5.75,1.6,3.6,5.6,1.67,3.4,5.75,1.68,3.73,6.12,1.67,3.4,6,1.67,3.6,6.25,38,1.74,1.67,3.74,3.55,6.25,5.82,33,2.5,2.37,1.63,1.57,19,-1,2.36,2.26,1.7,1.66,1.59,3.79,7.5
F1,10/03/18,Paris SG,Metz,5,0,H,4,0,H,18,6,10,3,10,10,9,2,0,1,0,0,1.08,12,23,1.08,13,21,1.1,8,20,1.1,10,29,,,,1.08,11,23,1.08,13,26,36,1.13,1.09,14,11.34,29,22.16,31,1.22,1.19,5.05,4.49,16,-2.75,2,1.93,1.94,1.9,1.08,16.94,21.56
F1,10/03/18,Rennes,St Etienne,1,1,D,0,1,A,18,9,7,3,16,14,8,4,0,4,0,0,2.25,3.2,3.39,2.25,3.25,3.4,2.2,3.1,3.3,2.25,3.1,3.3,2.34,3.24,3.45,2.3,3,3.4,2.25,3.2,3.5,39,2.4,2.28,3.31,3.17,3.5,3.32,35,2.27,2.22,1.7,1.65,19,-0.25,1.99,1.95,1.96,1.91,2.15,3.31,3.88
F1,11/03/18,Guingamp,Nice,2,5,A,1,1,D,12,17,6,5,24,8,6,5,3,1,0,0,2.79,3.1,2.7,2.75,3.2,2.65,2.65,3.1,2.65,2.7,3.1,2.7,2.89,3.28,2.68,2.7,3.1,2.7,2.88,3.2,2.63,39,2.93,2.78,3.35,3.16,2.78,2.64,36,2.3,2.2,1.72,1.66,17,0,2.05,1.99,1.9,1.87,2.93,3.21,2.69
F1,11/03/18,Lyon,Caen,1,0,H,0,0,D,20,6,4,1,3,8,4,2,1,1,0,0,1.44,4.75,7,1.42,4.75,7.25,1.45,4,7,1.44,4.4,7,1.48,4.68,7.33,1.44,4.5,7,1.45,4.6,7.5,39,1.5,1.45,4.78,4.51,7.5,6.9,34,1.7,1.64,2.31,2.23,19,-1.25,2.1,2.03,1.86,1.83,1.4,5.01,9.15
F1,11/03/18,Toulouse,Marseille,1,2,A,1,1,D,9,23,4,9,16,19,3,7,2,3,0,0,4,3.29,2,4.1,3.4,1.95,4,3.3,1.9,3.9,3.3,1.95,4.14,3.52,2,3.8,3.4,2,4.1,3.5,1.95,39,4.39,3.98,3.57,3.41,2.07,1.96,37,2.16,2.05,1.83,1.76,19,0.5,1.99,1.9,2.01,1.96,4.62,3.57,1.89
F1,14/03/18,Paris SG,Angers,2,1,H,2,0,H,14,20,7,8,7,11,7,8,1,2,1,0,1.07,13,25,1.06,14,26,1.07,9.5,22,1.09,11,34,1.08,13.79,28.1,1.08,11,34,1.06,13,36,33,1.11,1.08,15.72,12.08,36.15,25.6,29,1.22,1.19,4.8,4.46,17,-2.75,1.92,1.86,2.08,2,1.1,12.2,27.92
F1,16/03/18,Monaco,Lille,2,1,H,1,1,D,10,14,4,5,13,10,4,2,2,0,0,0,1.28,5.75,10,1.25,6,12,1.27,5.2,10,1.25,5.5,11,1.28,6.15,12.11,1.25,6,11,1.25,6.25,13,40,1.33,1.27,6.52,5.93,13,10.94,32,1.54,1.5,2.7,2.54,19,-1.75,2.02,1.98,1.91,1.88,1.33,5.55,10.5
F1,17/03/18,Amiens,Troyes,1,1,D,1,0,H,8,11,1,5,13,11,4,4,1,1,0,0,2.14,3.2,3.75,2.15,3.1,3.8,2.1,3.2,3.4,2.2,3.1,3.6,2.21,3.2,3.84,2.05,3.1,3.6,2.15,3.2,3.8,41,2.27,2.15,3.38,3.18,3.84,3.64,36,2.45,2.34,1.65,1.58,19,-0.25,1.88,1.84,2.09,2.02,2.39,3.11,3.51
F1,17/03/18,Angers,Caen,3,0,H,2,0,H,13,8,6,2,11,9,1,4,1,2,0,0,1.85,3.2,4.75,1.91,3.25,4.6,2,3.2,3.75,1.95,3.2,4.25,1.93,3.4,4.72,1.95,3.2,3.8,1.93,3.3,4.6,41,2.01,1.93,3.55,3.29,4.75,4.29,36,2.47,2.34,1.65,1.58,18,-0.5,1.95,1.92,1.99,1.94,2.04,3.26,4.38
F1,17/03/18,Bordeaux,Rennes,0,2,A,0,0,D,9,6,2,3,13,8,4,2,2,1,0,0,2,3.2,4.2,2.05,3.25,4,2.1,3.15,3.45,2.05,3.2,3.75,2.04,3.43,4.12,2,3.2,3.6,2.05,3.3,4,41,2.14,2.03,3.5,3.29,4.2,3.85,38,2.22,2.15,1.76,1.69,17,-0.25,1.78,1.75,2.22,2.13,2.12,3.29,3.99
F1,17/03/18,Montpellier,Dijon,2,2,D,0,1,A,18,10,11,7,16,13,4,5,1,4,0,0,1.61,3.6,6.5,1.62,3.8,5.75,1.7,3.5,4.85,1.61,3.6,5.8,1.66,3.88,6.02,1.65,3.5,5,1.62,3.8,6.25,41,1.7,1.63,3.94,3.73,6.5,5.72,38,2.16,2.07,1.82,1.74,19,-0.75,1.85,1.81,2.11,2.06,1.71,3.78,5.62
F1,17/03/18,Toulouse,Strasbourg,2,2,D,0,0,D,11,12,6,4,12,11,6,2,2,1,0,0,2.04,3.2,4,2.05,3.25,4,2,3.2,3.75,2.05,3.1,3.9,2.04,3.3,4.3,2,3.1,3.75,2.05,3.25,4.1,40,2.14,2.04,3.43,3.23,4.3,3.93,35,2.45,2.34,1.65,1.59,18,-0.5,2.09,2.04,1.88,1.83,2,3.4,4.32
F1,18/03/18,Marseille,Lyon,2,3,A,1,1,D,10,11,5,6,12,14,2,4,2,3,0,0,2,3.6,3.75,1.95,3.6,3.8,2.1,3.4,3.3,1.95,3.6,3.6,1.96,3.7,4.08,2,3.6,3.5,1.95,3.6,4,40,2.1,1.96,3.81,3.6,4.11,3.74,37,1.76,1.7,2.24,2.14,17,-0.5,1.99,1.95,1.96,1.92,1.96,3.64,4.15
F1,18/03/18,Metz,Nantes,1,1,D,1,1,D,8,15,4,4,7,10,3,4,2,0,0,0,3.6,3,2.25,3.5,3.1,2.25,3.45,3.2,2.1,3.4,3.1,2.2,3.61,3.23,2.28,3.2,3,2.25,3.6,3.13,2.25,41,3.63,3.44,3.32,3.13,2.34,2.25,36,2.57,2.38,1.63,1.57,19,0.25,1.98,1.93,1.96,1.93,3.69,3.46,2.15
F1,18/03/18,Nice,Paris SG,1,2,A,1,1,D,14,19,4,7,8,12,5,4,0,1,0,0,10,5.25,1.33,9,5.25,1.34,8.3,4.8,1.33,8.5,5,1.36,9.71,5.76,1.34,9,5.5,1.3,9.5,5.5,1.33,41,10,8.48,6,5.34,1.39,1.34,32,1.52,1.46,2.75,2.63,20,1.5,1.97,1.89,2.03,1.97,9.5,6.02,1.33
F1,18/03/18,St Etienne,Guingamp,2,0,H,1,0,H,16,9,6,3,16,12,7,5,2,3,0,0,1.72,3.5,5.5,1.72,3.5,5.5,1.8,3.4,4.35,1.7,3.5,5.2,1.73,3.65,5.77,1.73,3.5,5,1.73,3.6,5.5,41,1.8,1.72,3.8,3.55,5.77,5.21,37,2.2,2.14,1.77,1.69,19,-0.75,1.98,1.94,1.96,1.92,1.77,3.64,5.38
F1,31/03/18,Dijon,Marseille,1,3,A,0,1,A,12,11,2,5,11,15,6,6,2,3,1,0,4.75,3.79,1.7,4.25,3.8,1.75,4.2,3.5,1.8,4.4,3.8,1.73,4.77,4.06,1.76,4.33,4,1.73,4.6,4,1.75,41,4.9,4.51,4.14,3.9,1.82,1.74,32,1.65,1.6,2.46,2.32,18,0.75,1.97,1.92,1.99,1.93,5.02,4.06,1.72
F1,01/04/18,Caen,Montpellier,1,3,A,0,2,A,8,9,5,6,22,11,4,4,2,2,0,0,2.89,3.1,2.5,2.85,3.1,2.55,2.8,3.1,2.5,3,2.9,2.55,3.16,2.99,2.68,3,2.9,2.6,3.1,3,2.6,40,3.21,2.99,3.1,2.99,2.72,2.57,35,2.71,2.55,1.56,1.5,17,0,2.14,2.08,1.82,1.78,3.35,3.08,2.49
F1,01/04/18,Guingamp,Bordeaux,2,1,H,0,0,D,14,15,6,6,12,14,5,5,1,2,0,0,2.87,3.2,2.5,2.8,3.1,2.55,2.6,3.2,2.6,2.87,3.1,2.55,3.01,3.05,2.74,2.88,3,2.6,3,3.1,2.63,40,3.06,2.87,3.2,3.06,2.78,2.61,37,2.33,2.23,1.7,1.64,17,0,2.08,2.01,1.87,1.84,3.22,3.1,2.55
F1,01/04/18,Lille,Amiens,0,1,A,0,0,D,15,10,3,2,9,15,3,3,0,2,0,0,2.04,3.29,3.6,2.1,3.1,3.7,2.1,3.15,3.45,2.1,3.1,3.7,2.13,3.28,4,2.05,3.1,4,2.1,3.2,4,40,2.18,2.11,3.33,3.18,4.07,3.75,36,2.6,2.44,1.6,1.54,18,-0.25,1.83,1.8,2.14,2.07,2.14,3.25,4.01
F1,01/04/18,Lyon,Toulouse,2,0,H,2,0,H,20,10,5,6,14,9,8,3,1,1,0,0,1.36,4.59,9,1.36,4.6,8.25,1.35,4.7,7.9,1.4,4.75,8,1.41,5.08,8.28,1.36,4.75,7.5,1.36,5,9,40,1.43,1.38,5.22,4.81,9,7.85,36,1.63,1.57,2.5,2.37,17,-1.25,1.92,1.86,2.06,1.99,1.4,5.23,8.29
F1,01/04/18,Nantes,St Etienne,0,3,A,0,1,A,20,15,4,8,16,12,6,4,3,0,0,0,2.25,3.1,3.39,2.1,3.2,3.6,2,3.2,3.75,2.25,3.1,3.4,2.27,3.13,3.76,2.25,3.1,3.4,2.25,3.13,3.6,40,2.31,2.22,3.2,3.11,3.83,3.55,35,2.55,2.41,1.61,1.56,15,-0.5,2.33,2.25,1.73,1.68,2.26,3.2,3.7
F1,01/04/18,Strasbourg,Metz,2,2,D,1,1,D,18,11,5,5,16,23,5,1,5,4,1,1,1.85,3.5,4.2,1.87,3.5,4,1.9,3.35,3.9,1.87,3.5,4,1.91,3.76,4.26,1.91,3.5,4,1.87,3.6,4.33,39,1.97,1.88,3.82,3.58,4.34,4.1,38,1.94,1.87,2.01,1.92,16,-0.5,1.95,1.88,2.04,1.98,1.88,3.71,4.49
F1,01/04/18,Troyes,Nice,0,2,A,0,1,A,11,15,3,6,16,5,8,5,1,0,0,0,3.29,3.25,2.2,3.1,3.25,2.3,3,3.2,2.3,3.25,3.2,2.25,3.38,3.32,2.33,3.2,3.2,2.3,3.3,3.3,2.3,40,3.44,3.24,3.38,3.25,2.36,2.27,38,2.17,2.09,1.8,1.73,16,0.25,1.94,1.9,1.99,1.95,4.03,3.47,2.05
F1,04/04/18,Rennes,Monaco,1,1,D,1,1,D,20,8,7,2,28,17,8,1,0,2,0,0,3.39,3.39,2.14,3.4,3.4,2.15,3.4,3.2,2.1,3.2,3.4,2.2,3.47,3.51,2.21,3.3,3.3,2.2,3.4,3.5,2.2,40,3.5,3.29,3.67,3.42,2.29,2.18,39,1.89,1.82,2.06,1.97,17,0.25,2.01,1.97,1.92,1.88,3.52,3.59,2.16
F1,06/04/18,St Etienne,Paris SG,1,1,D,1,0,H,16,8,5,2,5,16,11,3,1,4,0,1,9,5.5,1.33,8.75,5.25,1.34,9,5,1.3,8.5,5,1.33,8.68,5.58,1.37,8.5,5,1.33,9.5,5.5,1.33,39,11,8.46,5.78,5.32,1.39,1.34,32,1.52,1.47,2.71,2.61,15,1.5,1.95,1.9,2.03,1.96,7.64,5.19,1.43
F1,07/04/18,Amiens,Caen,3,0,H,2,0,H,11,14,4,7,14,14,7,4,3,1,0,0,2.37,3,3.39,2.35,3.1,3.3,2.3,3.1,3.1,2.37,3,3.25,2.47,2.97,3.53,2.4,3,3.25,2.4,3,3.4,40,2.49,2.39,3.13,3.01,3.53,3.31,36,2.76,2.58,1.53,1.49,18,-0.25,2.08,2.03,1.87,1.83,2.54,2.97,3.38
F1,07/04/18,Angers,Strasbourg,1,1,D,1,0,H,3,11,2,5,10,17,2,9,1,1,0,0,1.85,3.6,4.33,1.85,3.6,4.4,1.85,3.4,4.1,1.8,3.4,4.6,1.82,3.64,4.97,1.8,3.5,4.5,1.8,3.6,4.8,39,1.88,1.81,3.72,3.53,4.97,4.59,37,2.16,2.06,1.83,1.75,17,-0.75,2.1,2.06,1.84,1.81,1.92,3.38,4.84
F1,07/04/18,Bordeaux,Lille,2,1,H,2,1,H,15,7,6,1,14,12,7,2,1,3,0,1,1.72,3.5,5.5,1.7,3.6,5.5,1.65,3.5,5.3,1.7,3.4,5.5,1.72,3.7,5.75,1.67,3.6,5.5,1.7,3.6,5.75,40,1.76,1.7,3.85,3.59,5.75,5.36,37,2.36,2.21,1.71,1.65,18,-0.75,1.97,1.92,1.97,1.93,1.71,3.7,5.84
F1,07/04/18,Guingamp,Troyes,4,0,H,1,0,H,15,8,10,4,11,12,9,10,1,1,0,0,1.85,3.5,4.5,1.85,3.4,4.75,1.85,3.4,4.1,1.87,3.3,4.4,1.9,3.5,4.69,1.83,3.4,4.5,1.85,3.5,4.75,40,1.94,1.86,3.63,3.45,4.75,4.46,38,2.26,2.15,1.75,1.69,17,-0.5,1.9,1.85,2.06,2,1.88,3.56,4.71
F1,07/04/18,Monaco,Nantes,2,1,H,2,1,H,6,10,3,4,12,11,7,5,4,3,0,0,1.5,4.33,6.5,1.5,4.4,6.5,1.5,3.9,6.3,1.53,4,6,1.53,4.39,7.04,1.53,3.75,7,1.53,4.3,7,40,1.57,1.51,4.5,4.21,7.04,6.42,38,1.83,1.76,2.13,2.05,20,-1,1.95,1.87,2.05,1.98,1.63,4.06,5.84
F1,07/04/18,Toulouse,Dijon,0,1,A,0,1,A,20,8,5,3,15,15,10,3,2,1,0,0,1.9,3.39,4.33,1.87,3.4,4.5,1.95,3.25,3.85,1.87,3.4,4.2,1.92,3.56,4.49,1.95,3.4,4,1.87,3.5,4.5,40,1.97,1.9,3.65,3.45,4.6,4.25,39,2.1,2.02,1.87,1.78,17,-0.5,1.92,1.89,2.02,1.97,2.06,3.49,3.94
F1,08/04/18,Marseille,Montpellier,0,0,D,0,0,D,12,6,3,2,14,12,6,2,2,1,0,0,1.6,4,5.75,1.6,3.9,6,1.5,3.9,6.3,1.61,3.9,5.25,1.67,4.11,5.45,1.67,3.6,5.5,1.62,4,5.75,40,1.7,1.63,4.2,3.95,6.3,5.39,38,1.85,1.79,2.08,2.01,19,-1,2.2,2.1,1.83,1.77,1.85,3.56,4.89
F1,08/04/18,Metz,Lyon,0,5,A,0,2,A,10,14,5,6,18,7,4,3,2,0,0,0,6.5,4.33,1.5,6.75,4.25,1.5,6.3,3.9,1.5,6,4.4,1.5,7.01,4.74,1.49,6.5,4.2,1.5,6.5,4.6,1.5,40,7.01,6.27,4.92,4.48,1.53,1.49,35,1.56,1.52,2.62,2.47,19,1,2.16,2.09,1.85,1.78,6.81,4.92,1.48
F1,08/04/18,Nice,Rennes,1,1,D,1,1,D,10,9,2,3,7,12,5,2,4,4,0,0,1.9,3.39,4.33,2,3.4,3.9,2,3.2,3.75,1.95,3.4,3.9,1.97,3.61,4.16,1.95,3.4,4,1.95,3.5,4.1,40,2.03,1.96,3.69,3.46,4.33,3.97,38,2.05,1.96,1.91,1.83,17,-0.5,1.98,1.95,1.95,1.91,1.86,3.76,4.49
F1,13/04/18,Angers,Nice,1,1,D,0,0,D,12,15,3,7,14,5,4,8,1,3,0,0,2.39,3.2,3.1,2.45,3.25,3,2.6,3.2,2.6,2.45,3.1,3,2.53,3.29,3.07,2.5,3.2,2.8,2.5,3.2,3.1,39,2.64,2.48,3.37,3.21,3.12,2.94,36,2.25,2.18,1.73,1.67,18,0,1.83,1.78,2.16,2.09,2.63,3.26,2.96
F1,14/04/18,Lille,Guingamp,2,2,D,0,0,D,10,6,3,3,15,15,2,3,2,1,0,0,2.37,3.29,3.1,2.3,3.3,3.25,2.3,3.1,3.1,2.35,3.1,3.1,2.44,3.22,3.29,2.4,3.1,3.1,2.38,3.25,3.25,39,2.45,2.35,3.33,3.2,3.32,3.16,34,2.25,2.18,1.75,1.67,18,-0.25,2.07,2.01,1.89,1.85,2.32,3.35,3.38
F1,14/04/18,Lyon,Amiens,3,0,H,1,0,H,25,5,8,2,9,11,7,5,0,0,0,0,1.22,6.5,13,1.22,6.75,12,1.25,5.5,10.3,1.22,6,15,1.24,6.47,16.06,1.22,6,13,1.2,6.5,17,40,1.26,1.22,6.99,6.24,17,13.38,35,1.59,1.54,2.55,2.43,19,-2,2.23,2.13,1.78,1.74,1.21,7.15,17.03
F1,14/04/18,Nantes,Dijon,1,1,D,1,0,H,15,12,2,4,14,9,6,4,0,0,0,0,1.7,3.6,5.5,1.8,3.8,4.4,1.7,3.5,4.85,1.7,3.6,5,1.73,3.77,5.5,1.7,3.75,4.8,1.73,3.75,5.25,40,1.8,1.73,3.88,3.67,5.5,4.92,39,2.03,1.95,1.93,1.85,18,-0.75,2.01,1.94,1.97,1.92,1.56,4.25,6.66
F1,14/04/18,Rennes,Metz,1,2,A,1,0,H,14,7,3,6,6,17,7,3,1,4,0,0,1.44,4.5,7.5,1.45,4.4,7.25,1.5,3.9,6.3,1.44,4.5,7,1.46,4.61,8.08,1.44,4.33,7,1.4,4.8,8,40,1.5,1.43,4.95,4.56,8.08,7.14,37,1.73,1.68,2.27,2.17,19,-1,1.74,1.69,2.28,2.21,1.43,5.01,7.93
F1,14/04/18,Strasbourg,St Etienne,0,1,A,0,0,D,16,5,6,1,11,10,10,1,3,1,0,0,3.2,3.29,2.29,3.1,3.3,2.35,3.1,3.1,2.3,3.2,3.2,2.3,3.32,3.4,2.33,3.2,3.1,2.3,3.3,3.3,2.3,39,3.35,3.19,3.49,3.28,2.38,2.28,36,2.16,2.06,1.83,1.75,18,0.25,1.91,1.88,2.02,1.98,3.16,3.39,2.42
F1,15/04/18,Montpellier,Bordeaux,1,3,A,0,1,A,19,9,5,4,9,8,6,2,3,2,0,0,2.04,3.29,3.79,2.05,3.3,3.8,2.05,3.2,3.6,2.05,3.1,4,2.06,3.31,4.2,2.1,3.1,3.75,2.05,3.2,4.2,40,2.14,2.05,3.31,3.19,4.35,3.92,35,2.63,2.47,1.59,1.53,18,-0.5,2.09,2.05,1.86,1.82,2.26,3.1,3.84
F1,15/04/18,Paris SG,Monaco,7,1,H,4,1,H,12,11,7,2,8,8,4,2,1,3,0,0,1.28,5.75,10,1.28,5.75,10.5,1.33,4.8,8.3,1.3,5.5,9.5,1.32,6.11,9.79,1.3,5.5,9,1.29,6,10.5,40,1.34,1.29,6.4,5.79,10.5,9.18,32,1.4,1.36,3.4,3.05,18,-1.75,2.07,2.03,1.86,1.84,1.3,6.91,9
F1,15/04/18,Troyes,Marseille,2,3,A,1,1,D,12,21,7,9,15,8,5,8,2,2,0,0,5.5,4,1.61,6.25,3.8,1.6,5.3,3.5,1.65,5.5,3.9,1.61,5.88,4.06,1.64,5.5,3.8,1.62,5.5,4,1.65,39,6.25,5.41,4.1,3.89,1.69,1.63,38,1.87,1.79,2.1,2.01,21,1,1.84,1.78,2.16,2.08,6.5,4.5,1.54
F1,20/04/18,Dijon,Lyon,2,5,A,1,1,D,17,17,5,11,11,12,9,5,1,2,0,0,7.5,5,1.39,7.25,4.6,1.44,6.2,4,1.5,7.5,4.75,1.4,8,5.13,1.42,6.5,4.75,1.44,8,5,1.4,41,8.03,7.17,5.16,4.78,1.5,1.42,35,1.53,1.48,2.67,2.59,19,1.25,2.04,1.97,1.95,1.88,8.28,5.38,1.39
F1,20/04/18,Nantes,Rennes,1,1,D,1,0,H,13,18,7,9,17,12,5,8,6,2,1,0,2.25,3.2,3.39,2.3,3.1,3.4,2.4,3.15,2.9,2.25,3.1,3.4,2.31,3.11,3.68,2.3,3.1,3.3,2.3,3.13,3.5,41,2.46,2.31,3.25,3.11,3.68,3.37,37,2.5,2.37,1.64,1.58,20,-0.25,2,1.94,1.98,1.93,2.27,3.16,3.73
F1,21/04/18,Amiens,Strasbourg,3,1,H,1,0,H,7,15,5,2,20,11,2,6,4,2,0,0,2.6,3.1,3,2.5,3.2,2.95,2.4,2.9,3.15,2.55,3.1,2.87,2.65,3.25,2.94,2.5,3.1,3,2.6,3.2,2.9,41,2.65,2.52,3.36,3.16,3.15,2.93,36,2.31,2.24,1.7,1.63,18,0,1.85,1.8,2.1,2.04,2.7,3.1,3
F1,21/04/18,Guingamp,Monaco,3,1,H,2,0,H,24,4,12,1,13,17,10,1,0,2,0,1,4,3.6,1.85,4.2,3.7,1.85,4.4,3.4,1.8,3.75,3.6,1.9,4.1,3.66,1.97,4,3.75,1.85,4,3.75,1.91,42,4.45,3.92,3.79,3.62,2.03,1.9,39,1.79,1.72,2.2,2.1,19,0.5,1.99,1.93,1.97,1.92,4.54,4.02,1.8
F1,21/04/18,Marseille,Lille,5,1,H,4,0,H,19,14,8,3,9,8,3,6,0,1,0,0,1.33,5,10,1.33,5,10,1.35,4.7,8,1.33,5,9.5,1.34,5.57,9.95,1.33,5,9,1.3,5.5,11,42,1.37,1.33,5.84,5.18,11,9.14,37,1.65,1.59,2.43,2.31,20,-1.5,2.01,1.95,1.95,1.9,1.34,5.67,9.59
F1,21/04/18,Metz,Caen,1,1,D,0,0,D,15,5,3,4,9,11,7,2,2,1,0,0,2.29,3.2,3.29,2.25,3.3,3.3,2.4,3.15,2.9,2.3,3.25,3.1,2.38,3.36,3.26,2.3,3.1,3.3,2.38,3.3,3.2,42,2.41,2.3,3.47,3.26,3.35,3.19,41,2.09,2.01,1.87,1.79,20,-0.25,2.03,1.98,1.91,1.87,2.37,3.39,3.24
F1,21/04/18,Toulouse,Angers,2,0,H,1,0,H,14,7,8,0,11,11,6,2,1,2,0,0,2.29,3,3.5,2.3,3.1,3.4,2,3.25,3.7,2.35,3.1,3.25,2.35,3.23,3.45,2.4,3,3.2,2.38,3.2,3.3,42,2.43,2.32,3.34,3.12,3.7,3.29,37,2.41,2.32,1.66,1.59,19,-0.25,2.06,2,1.91,1.86,2.32,3.12,3.63
F1,22/04/18,Bordeaux,Paris SG,0,1,A,0,0,D,21,10,8,2,15,8,8,5,0,1,0,0,6.5,4.33,1.5,7,4.5,1.45,7,4,1.45,6,4.33,1.5,6.92,4.65,1.5,6,4.33,1.5,6.5,4.6,1.5,42,7,6.16,4.77,4.44,1.56,1.49,36,1.61,1.54,2.6,2.42,19,1,2.14,2.06,1.85,1.81,6.49,4.84,1.51
F1,22/04/18,Nice,Montpellier,1,0,H,0,0,D,16,5,4,2,10,13,3,3,0,0,0,0,2.04,3.29,3.79,2,3.3,4,2,3.25,3.7,2,3.2,3.9,2.01,3.36,4.34,2.05,3.1,4,2,3.3,4.2,42,2.1,2,3.47,3.26,4.34,3.99,37,2.31,2.23,1.71,1.63,19,-0.5,2.03,1.98,1.91,1.87,2,3.33,4.45
F1,22/04/18,St Etienne,Troyes,2,1,H,0,1,A,18,6,6,3,5,21,7,2,0,2,0,0,1.5,4,7.5,1.5,4.1,7,1.5,3.9,6.4,1.5,4,6.5,1.51,4.28,7.65,1.5,4,7,1.5,4.2,7.5,42,1.56,1.5,4.52,4.11,7.65,6.95,40,1.97,1.9,1.96,1.88,21,-1,1.9,1.85,2.03,2,1.55,4.15,7.15
F1,25/04/18,Caen,Toulouse,0,0,D,0,0,D,9,5,0,2,9,11,1,2,2,1,0,0,2.6,2.87,3.2,2.5,2.9,3.3,2.5,2.8,3.1,2.5,2.87,3.1,2.64,2.85,3.28,2.5,2.88,3.2,2.55,2.9,3.3,41,2.65,2.52,3.05,2.88,3.31,3.18,35,2.65,2.52,1.57,1.5,18,-0.25,2.15,2.1,1.82,1.77,2.98,2.78,2.94
F1,27/04/18,Montpellier,St Etienne,0,1,A,0,1,A,25,7,5,5,9,7,9,1,0,2,0,0,2.39,3.1,3.1,2.5,3.2,2.95,2.4,3.15,2.9,2.55,3,2.9,2.59,3.16,3.1,2.5,3.2,2.88,2.55,3.13,3.1,37,2.63,2.5,3.23,3.12,3.25,3,33,2.39,2.29,1.67,1.6,17,-0.25,2.19,2.13,1.8,1.76,2.49,3.25,3.16
F1,28/04/18,Bordeaux,Dijon,3,1,H,1,0,H,10,10,4,3,14,12,4,4,1,0,0,0,1.5,4.2,7,1.53,4.1,6.75,1.6,3.6,5.6,1.5,4.2,6.5,1.51,4.36,7.43,1.53,4,6,1.5,4.2,7.5,41,1.6,1.5,4.44,4.14,7.6,6.67,38,1.87,1.78,2.11,2.01,19,-1,1.95,1.85,2.06,2.01,1.52,4.4,7
F1,28/04/18,Lille,Metz,3,1,H,2,0,H,15,14,9,4,11,12,3,5,0,2,0,0,1.83,3.6,4.5,1.83,3.6,4.5,1.9,3.4,3.9,1.8,3.5,4.5,1.81,3.71,4.9,1.83,3.5,4.33,1.8,3.6,4.8,39,1.9,1.81,3.75,3.56,4.9,4.49,37,2,1.95,1.92,1.84,17,-0.75,2.07,2.03,1.88,1.83,1.94,3.68,4.19
F1,28/04/18,Lyon,Nantes,2,0,H,1,0,H,25,12,11,4,7,14,6,4,1,1,0,0,1.28,5.75,10,1.3,5.75,9.25,1.27,5.2,10,1.28,5.5,11,1.3,6.05,11.26,1.29,5.5,10,1.29,5.75,11.5,40,1.32,1.29,6.3,5.64,11.92,9.98,35,1.6,1.53,2.62,2.47,18,-1.5,1.88,1.84,2.06,2.02,1.29,6.4,10.99
F1,28/04/18,Monaco,Amiens,0,0,D,0,0,D,16,7,1,1,9,13,6,6,1,2,1,1,1.18,7,17,1.2,7,13,1.2,5.8,13,1.2,6.5,17,1.2,7.48,17.45,1.2,7,12,1.18,7,21,40,1.22,1.19,7.91,6.94,21,15.04,37,1.55,1.49,2.69,2.56,20,-2,2.03,1.95,1.95,1.89,1.24,6.8,13.5
F1,28/04/18,Strasbourg,Nice,1,1,D,1,0,H,9,11,2,7,18,13,3,8,2,4,0,0,3.5,3.25,2.25,3.3,3.3,2.25,3.3,3.1,2.2,3.2,3.25,2.25,3.33,3.38,2.33,3.4,3.1,2.25,3.3,3.3,2.3,39,3.5,3.28,3.43,3.27,2.36,2.26,37,2.1,2.01,1.86,1.79,17,0.25,1.93,1.89,2.02,1.96,3.38,3.2,2.39
F1,28/04/18,Troyes,Caen,3,1,H,2,1,H,5,13,3,2,8,16,4,5,1,2,0,0,2.2,3.1,3.6,2.2,3.2,3.5,,,,2.2,3.1,3.5,2.27,3.16,3.73,2.2,3.1,3.5,2.25,3.2,3.5,39,2.31,2.2,3.28,3.14,3.73,3.51,34,2.44,2.3,1.66,1.6,17,-0.25,1.94,1.9,1.99,1.96,2.53,3.18,3.17
F1,29/04/18,Angers,Marseille,1,1,D,0,1,A,14,13,6,5,9,9,4,9,1,3,0,0,4.2,3.6,1.83,4,3.6,1.91,4.35,3.4,1.8,4,3.6,1.86,4.24,3.75,1.91,4,3.4,1.91,4.2,3.7,1.87,40,4.6,4.09,3.8,3.59,1.97,1.87,37,1.87,1.8,2.1,2,17,0.5,2.01,1.97,1.93,1.88,4.8,3.85,1.79
F1,29/04/18,Paris SG,Guingamp,2,2,D,0,1,A,14,22,3,5,11,9,7,7,2,0,0,0,1.08,11,26,1.07,12,29,1.1,8,20,1.08,12,34,,,,1.11,8.5,21,1.06,13,46,34,1.11,1.08,13.5,11.05,46,27.49,31,1.26,1.24,4.4,3.93,13,-3,2.28,2.17,1.83,1.69,1.1,11.51,26.62
F1,29/04/18,Rennes,Toulouse,2,1,H,1,1,D,6,12,3,2,11,14,2,7,2,1,1,0,1.9,3.5,4.2,1.95,3.4,4.2,1.8,3.4,4.35,1.86,3.3,4.25,1.91,3.57,4.52,1.95,3.2,4.2,1.87,3.5,4.5,42,1.98,1.89,3.65,3.41,4.52,4.2,38,2.17,2.08,1.8,1.73,17,-0.5,1.93,1.89,2.02,1.97,1.94,3.46,4.5
F1,04/05/18,Amiens,Paris SG,2,2,D,0,1,A,12,23,5,8,14,10,3,13,2,0,0,0,9,6,1.3,9,5.75,1.3,9,5,1.3,9.5,5.5,1.3,9.91,6.1,1.31,8,5.5,1.33,10.5,6,1.29,41,10.5,8.92,6.46,5.76,1.33,1.3,35,1.4,1.36,3.25,3.05,19,1.75,1.88,1.84,2.06,2.02,10.19,6.39,1.29
F1,06/05/18,Caen,Monaco,1,2,A,1,1,D,16,17,5,4,14,16,6,8,1,2,1,0,4.2,3.75,1.83,4.25,3.7,1.85,4.85,3.5,1.7,4,3.6,1.85,4.28,3.8,1.89,4.2,3.5,1.83,4.33,3.7,1.85,42,4.85,4.15,3.85,3.64,1.95,1.84,39,1.9,1.81,2.07,1.98,18,0.5,2.05,2,1.9,1.85,3.1,3.36,2.47
F1,06/05/18,Dijon,Guingamp,3,1,H,1,0,H,19,4,9,1,10,9,4,3,1,1,0,0,2.7,3.29,2.62,2.65,3.4,2.65,2.6,3.2,2.6,2.62,3.4,2.55,2.69,3.5,2.72,2.7,3.1,2.7,2.7,3.5,2.63,42,2.75,2.63,3.57,3.37,2.75,2.62,38,1.85,1.77,2.14,2.03,16,0,1.99,1.9,1.98,1.92,2.65,3.69,2.65
F1,06/05/18,Lyon,Troyes,3,0,H,2,0,H,17,13,5,4,9,9,6,8,2,2,0,0,1.14,8.5,19,1.12,9.25,19,1.15,7,15,1.13,8.5,19,1.14,10.7,19.4,1.14,8,15,1.13,10,19,42,1.15,1.13,11.1,8.98,21,17.23,34,1.32,1.28,3.9,3.55,19,-2.5,2.02,1.96,1.91,1.87,1.15,9.8,17.5
F1,06/05/18,Marseille,Nice,2,1,H,1,1,D,18,11,8,2,18,12,9,4,1,1,0,0,1.7,3.79,5,1.72,3.9,4.75,1.6,3.6,5.6,1.7,3.9,4.6,1.71,4.16,4.97,1.7,3.75,4.8,1.7,4,5,42,1.76,1.69,4.21,3.91,5.6,4.71,36,1.64,1.59,2.42,2.31,18,-0.75,1.92,1.87,2.01,1.97,1.84,3.86,4.5
F1,06/05/18,Metz,Angers,1,2,A,1,0,H,8,17,4,4,12,11,2,7,1,0,0,0,2.75,3.2,2.7,2.55,3.25,2.85,2.6,3.2,2.6,2.62,3.25,2.65,2.72,3.41,2.74,2.7,3.1,2.7,2.7,3.3,2.7,42,2.75,2.65,3.53,3.26,2.85,2.68,38,2.05,1.98,1.91,1.81,17,0,1.96,1.89,1.97,1.93,2.93,3.46,2.53
F1,06/05/18,Nantes,Montpellier,0,2,A,0,0,D,11,12,2,7,14,8,7,3,0,3,0,0,2.29,3.2,3.29,2.35,3.1,3.3,2.4,3.15,2.9,2.3,3.1,3.25,2.34,3.3,3.38,2.3,3.1,3.3,2.3,3.2,3.4,42,2.42,2.3,3.35,3.13,3.42,3.25,35,2.5,2.39,1.61,1.55,18,-0.25,2.01,1.97,1.92,1.88,2.23,3.26,3.71
F1,06/05/18,Rennes,Strasbourg,2,1,H,1,0,H,14,7,2,3,10,11,5,5,1,1,0,0,1.75,3.75,4.75,1.78,3.5,5,1.6,3.6,5.6,1.75,3.6,4.6,1.75,3.85,5.14,1.75,3.6,4.5,1.75,3.75,5,41,1.82,1.74,3.85,3.65,5.6,4.69,39,1.96,1.88,1.99,1.91,18,-0.75,2.03,1.97,1.93,1.88,1.81,3.77,4.83
F1,06/05/18,St Etienne,Bordeaux,1,3,A,1,2,A,16,11,3,5,12,12,5,2,2,3,0,0,2,3.29,4,1.95,3.3,4.33,2,3.2,3.8,2,3.2,3.9,2.03,3.52,4.02,2.05,3.2,3.8,2.05,3.4,3.75,42,2.09,2,3.61,3.34,4.33,3.89,37,2.28,2.19,1.72,1.65,17,-0.5,2.04,2,1.9,1.84,2.06,3.42,4.04
F1,06/05/18,Toulouse,Lille,2,3,A,2,1,H,6,17,4,8,14,16,1,3,4,2,1,0,2.14,3.29,3.5,2.1,3.3,3.7,2.1,3.2,3.4,2.2,3.1,3.5,2.17,3.37,3.73,2.25,3.1,3.4,2.2,3.25,3.6,42,2.3,2.17,3.4,3.21,3.73,3.48,35,2.36,2.24,1.69,1.63,18,-0.25,1.91,1.87,2.06,1.99,2.42,3.25,3.29
F1,11/05/18,Guingamp,Marseille,3,3,D,1,2,A,22,16,7,5,20,15,6,11,2,0,0,1,5.25,4.33,1.6,5,4,1.67,4.5,3.6,1.75,4.8,4,1.61,5.11,4.25,1.68,4.5,4.2,1.67,5.25,4.33,1.62,40,5.25,4.95,4.4,4.13,1.75,1.65,36,1.57,1.52,2.61,2.49,20,0.75,2.13,2.07,1.85,1.8,4.83,4.36,1.68
F1,12/05/18,Amiens,Metz,2,0,H,1,0,H,9,13,2,1,14,15,3,8,1,2,0,0,1.8,3.6,4.5,1.8,3.7,4.5,1.9,3.35,3.9,1.75,3.8,4.25,1.81,3.97,4.5,1.8,3.75,4.2,1.75,3.9,4.6,41,1.9,1.8,4.08,3.78,4.6,4.27,38,1.72,1.66,2.31,2.2,17,-0.5,1.83,1.79,2.17,2.09,1.79,4.08,4.51
F1,12/05/18,Angers,Nantes,0,2,A,0,0,D,14,12,2,2,7,11,5,4,0,1,0,0,2.29,3.25,3.25,2.2,3.4,3.3,2.3,3.1,3.1,2.3,3.25,3.1,2.27,3.48,3.36,2.3,3.1,3.25,2.3,3.3,3.3,42,2.39,2.26,3.55,3.3,3.36,3.21,39,2.1,2.03,1.85,1.76,19,-0.25,2.01,1.94,1.96,1.9,2.39,3.29,3.3
F1,12/05/18,Bordeaux,Toulouse,4,2,H,1,1,D,15,10,6,4,8,20,6,6,1,3,0,0,1.83,3.6,4.5,1.83,3.7,4.25,1.85,3.6,3.8,1.83,3.5,4.33,1.82,3.78,4.72,1.83,3.6,4.2,1.8,3.7,4.6,42,1.89,1.81,3.92,3.65,4.72,4.33,41,1.97,1.89,2,1.9,18,-0.75,2.09,2.04,1.85,1.82,1.79,3.67,5.11
F1,12/05/18,Lille,Dijon,2,1,H,2,1,H,13,12,3,7,8,11,4,4,0,2,0,0,1.5,4,7.5,1.5,4.25,6.75,1.5,4,6.2,1.5,4.25,6,1.51,4.55,7.02,1.53,3.75,7,1.53,4.4,6.5,41,1.55,1.5,4.65,4.3,7.5,6.39,36,1.68,1.58,2.5,2.34,21,-1,1.89,1.84,2.07,2.02,1.5,4.68,7
F1,12/05/18,Monaco,St Etienne,1,0,H,0,0,D,18,11,5,3,14,11,6,5,1,1,1,0,1.61,4.33,5,1.67,4,5,1.55,4,5.5,1.67,3.9,4.8,1.72,4.16,4.94,1.67,3.75,5,1.65,4.1,5.2,41,1.74,1.66,4.33,4.01,5.5,4.89,34,1.69,1.62,2.35,2.26,20,-1,2.22,2.12,1.81,1.76,1.74,4.08,4.87
F1,12/05/18,Montpellier,Troyes,1,1,D,0,1,A,22,9,3,2,10,9,11,1,0,0,0,0,1.75,3.6,5,1.72,3.7,5,1.8,3.7,3.9,1.75,3.6,4.6,1.75,3.9,5.05,1.75,3.6,4.75,1.75,3.7,5,42,1.83,1.75,3.96,3.69,5.05,4.69,41,2,1.92,1.95,1.86,17,-0.75,2.03,1.97,1.92,1.86,1.68,3.92,5.65
F1,12/05/18,Nice,Caen,4,1,H,3,0,H,21,12,8,5,10,18,4,7,0,1,0,1,1.6,3.79,6,1.62,3.8,5.75,1.7,3.6,4.7,1.61,3.8,5.25,1.63,4.01,6.13,1.67,3.5,5.5,1.62,3.9,6,42,1.7,1.63,4.15,3.86,6.13,5.52,41,1.92,1.81,2.08,1.98,19,-1,2.13,2.07,1.83,1.78,1.57,4.2,6.6
F1,12/05/18,Paris SG,Rennes,0,2,A,0,0,D,14,10,5,2,12,12,7,7,1,0,0,0,1.25,6.5,10,1.25,6.25,11,1.25,6,9,1.28,6,10,1.29,6.42,10.13,1.29,5.5,10,1.25,6.5,11,42,1.31,1.27,6.74,6.2,11.5,9.79,33,1.33,1.28,4.1,3.58,19,-1.75,1.98,1.9,2.02,1.94,1.31,6.15,8.6
F1,12/05/18,Strasbourg,Lyon,3,2,H,1,0,H,9,8,4,3,25,20,2,1,5,1,0,0,6.5,4.5,1.5,6.25,4.75,1.48,6.5,4.2,1.45,5.75,4.5,1.5,6.2,4.8,1.53,6,4.33,1.5,6,4.75,1.5,41,6.5,5.87,4.91,4.59,1.56,1.5,35,1.45,1.4,3.15,2.89,19,1.25,1.86,1.82,2.12,2.03,5.42,4.62,1.6
F1,19/05/18,Caen,Paris SG,0,0,D,0,0,D,11,7,6,2,15,18,2,3,3,1,0,0,5,3.75,1.72,5,3.6,1.75,4.85,3.5,1.7,4.4,3.9,1.7,5.16,3.7,1.72,5,3.5,1.75,4.6,3.9,1.75,41,5.18,4.8,3.93,3.71,1.79,1.73,35,1.53,1.48,2.75,2.58,20,1,1.73,1.68,2.35,2.24,4.16,3.45,1.93
F1,19/05/18,Dijon,Angers,2,1,H,1,0,H,7,16,1,8,17,7,1,9,1,2,0,0,2.25,3.7,3,2.25,3.5,3.1,2.2,3.2,3.2,2.2,3.6,3,2.32,3.74,3.08,2.3,3.4,3,2.25,3.7,3.1,41,2.35,2.25,3.8,3.59,3.2,3,37,1.66,1.57,2.5,2.36,19,-0.25,2,1.96,1.94,1.89,2.33,3.67,3.04
F1,19/05/18,Lyon,Nice,3,2,H,0,1,A,23,11,8,4,15,13,8,7,3,3,0,0,1.44,4.75,6.5,1.45,5,6.25,1.45,4,7,1.44,4.6,6,1.45,5.31,6.74,1.44,5,6,1.44,5,7,41,1.51,1.45,5.38,4.93,7,6.12,34,1.43,1.39,3.1,2.93,18,-1.25,1.99,1.94,1.94,1.9,1.47,5.27,6.3
F1,19/05/18,Marseille,Amiens,2,1,H,2,1,H,27,5,11,2,12,12,7,3,0,0,0,0,1.22,6.5,13,1.26,6,11,1.3,5,9,1.28,5.75,11,1.26,6.66,12,1.25,5.5,12,1.22,6.5,13,41,1.3,1.25,7.23,6.14,13,10.68,34,1.44,1.4,3.2,2.88,19,-1.75,2.01,1.87,2.07,1.97,1.21,8,11
F1,19/05/18,Metz,Bordeaux,0,4,A,0,3,A,7,15,0,7,11,16,4,6,3,0,0,1,7.5,4.5,1.44,6.75,4.33,1.48,6,4.1,1.5,7,4.5,1.44,7.36,4.79,1.46,7,4,1.5,7.5,4.6,1.45,41,7.5,6.68,5.11,4.57,1.5,1.45,37,1.63,1.57,2.6,2.36,18,1,2.28,2.19,1.74,1.71,7.4,5.15,1.4
F1,19/05/18,Nantes,Strasbourg,1,0,H,1,0,H,9,10,2,2,6,12,2,7,0,0,0,0,1.85,3.6,4.33,1.83,3.5,4.6,1.9,3.3,4,1.8,3.6,4.33,1.81,3.71,4.81,1.83,3.5,4.33,1.83,3.6,4.6,40,1.9,1.81,3.83,3.6,4.84,4.39,40,1.88,1.8,2.09,2,16,-0.5,1.84,1.81,2.12,2.05,1.79,3.87,4.83
F1,19/05/18,Rennes,Montpellier,1,1,D,1,1,D,9,9,1,6,10,12,8,4,0,1,0,1,1.9,3.5,4.2,1.87,3.4,4.5,2,3.2,3.75,1.87,3.4,4.2,1.89,3.55,4.65,1.91,3.2,4.5,1.87,3.5,4.5,40,2,1.89,3.67,3.44,4.65,4.26,37,2.07,1.99,1.9,1.8,17,-0.5,1.91,1.88,2.03,1.98,1.92,3.47,4.65
F1,19/05/18,St Etienne,Lille,5,0,H,3,0,H,14,11,7,3,6,5,7,4,1,0,0,0,1.55,4.2,6,1.55,4.2,6,1.5,3.9,6.3,1.53,4.2,5.8,1.54,4.48,6.57,1.57,3.8,6,1.53,4.3,6.5,41,1.58,1.53,4.58,4.23,6.63,6.01,39,1.7,1.65,2.4,2.22,21,-1,1.94,1.88,2.02,1.97,1.58,4.54,5.61
F1,19/05/18,Toulouse,Guingamp,2,1,H,0,0,D,17,13,7,6,9,14,9,5,3,2,0,0,1.57,4.2,5.75,1.55,4.25,6,1.45,4.3,6.5,1.57,4,5.5,1.58,4.36,6.24,1.57,3.8,6,1.57,4.3,5.75,41,1.62,1.56,4.43,4.18,6.5,5.69,37,1.69,1.64,2.4,2.23,21,-1,2.03,1.95,1.95,1.89,1.65,4.32,5.15
F1,19/05/18,Troyes,Monaco,0,3,A,0,1,A,12,21,4,14,14,13,6,2,1,1,0,0,5.75,4.2,1.57,5.5,4.4,1.57,5.8,4.2,1.5,5.25,4.2,1.57,5.56,4.47,1.6,6,3.8,1.57,5.75,4.33,1.57,41,6,5.4,4.63,4.29,1.63,1.57,37,1.62,1.57,2.5,2.37,19,1,1.92,1.89,2.01,1.95,4.86,3.92,1.72
